#
# There is insufficient memory for the Java Runtime Environment to continue.
# Native memory allocation (malloc) failed to allocate 32752 bytes. Error detail: Chunk::new
# Possible reasons:
#   The system is out of physical RAM or swap space
#   This process is running with CompressedOops enabled, and the Java Heap may be blocking the growth of the native heap
# Possible solutions:
#   Reduce memory load on the system
#   Increase physical memory or swap space
#   Check if swap backing store is full
#   Decrease Java heap size (-Xmx/-Xms)
#   Decrease number of Java threads
#   Decrease Java thread stack sizes (-Xss)
#   Set larger code cache with -XX:ReservedCodeCacheSize=
#   JVM is running with Zero Based Compressed Oops mode in which the Java heap is
#     placed in the first 32GB address space. The Java Heap base address is the
#     maximum limit for the native heap growth. Please use -XX:HeapBaseMinAddress
#     to set the Java Heap base and to place the Java Heap above 32GB virtual address.
# This output file may be truncated or incomplete.
#
#  Out of Memory Error (arena.cpp:186), pid=37108, tid=44196
#
# JRE version: Java(TM) SE Runtime Environment (25.0.1+8) (build 25.0.1+8-LTS-27)
# Java VM: Java HotSpot(TM) 64-Bit Server VM (25.0.1+8-LTS-27, mixed mode, emulated-client, sharing, tiered, compressed oops, compressed class ptrs, g1 gc, windows-amd64)
# No core dump will be written. Minidumps are not enabled by default on client versions of Windows
#

---------------  S U M M A R Y ------------

Command Line: -XX:TieredStopAtLevel=1 com.sms.StudentManagementApplication

Host: AMD Ryzen 7 7840HS w/ Radeon 780M Graphics     , 16 cores, 15G,  Windows 11 , 64 bit Build 26100 (10.0.26100.8246)
Time: Mon Apr 20 02:20:41 2026 India Standard Time elapsed time: 3201.396960 seconds (0d 0h 53m 21s)

---------------  T H R E A D  ---------------

Current thread (0x0000021882afc7a0):  JavaThread "C1 CompilerThread1" daemon [_thread_in_native, id=44196, stack(0x0000004f80000000,0x0000004f80100000) (1024K)]


Current CompileTask:
C1:3201397 81857   !   1       com.sun.org.apache.xerces.internal.impl.XMLDocumentFragmentScannerImpl$FragmentContentDriver::next (2331 bytes)

Stack: [0x0000004f80000000,0x0000004f80100000]
Native frames: (J=compiled Java code, j=interpreted, Vv=VM code, C=native code)
V  [jvm.dll+0x7a6b59]  (no source info available)
V  [jvm.dll+0x77290d]  (no source info available)
V  [jvm.dll+0x966153]  (no source info available)
V  [jvm.dll+0x968751]  (no source info available)
V  [jvm.dll+0x968e53]  (no source info available)
V  [jvm.dll+0x2fc756]  (no source info available)
V  [jvm.dll+0x111b26]  (no source info available)
V  [jvm.dll+0x111e4e]  (no source info available)
V  [jvm.dll+0x203f1e]  (no source info available)
V  [jvm.dll+0x206291]  (no source info available)
V  [jvm.dll+0x203e05]  (no source info available)
V  [jvm.dll+0x1ff0ac]  (no source info available)
V  [jvm.dll+0x207feb]  (no source info available)
V  [jvm.dll+0x200177]  (no source info available)
V  [jvm.dll+0x2030f2]  (no source info available)
V  [jvm.dll+0x1bedc7]  (no source info available)
V  [jvm.dll+0x1be58f]  (no source info available)
V  [jvm.dll+0x1be84e]  (no source info available)
V  [jvm.dll+0x1bdb91]  (no source info available)
V  [jvm.dll+0x1bfa0d]  (no source info available)
V  [jvm.dll+0x2cfb56]  (no source info available)
V  [jvm.dll+0x2cddd5]  (no source info available)
V  [jvm.dll+0x48e6d1]  (no source info available)
V  [jvm.dll+0x906a0d]  (no source info available)
V  [jvm.dll+0x7a5135]  (no source info available)
C  [ucrtbase.dll+0x37b0]  (no source info available)
C  [KERNEL32.DLL+0x2e8d7]  (no source info available)
C  [ntdll.dll+0x8c3fc]  (no source info available)

Lock stack of current Java thread (top to bottom):


---------------  P R O C E S S  ---------------

Threads class SMR info:
_java_thread_list=0x0000021881dc9f40, length=140, elements={
0x00000218f0a35cc0, 0x00000218f0a36480, 0x00000218f0a39460, 0x00000218f0a39d50,
0x00000218f0a3b2e0, 0x00000218f0a43770, 0x00000218f0a44ea0, 0x00000218f16dbdf0,
0x00000218f16e1950, 0x00000218f7ba23f0, 0x00000218f8d32c00, 0x00000218f64bd380,
0x00000218f8f6a2f0, 0x00000218825acb70, 0x0000021882b2d600, 0x00000218f8d34370,
0x0000021882b29780, 0x00000218f7ed3730, 0x00000218824a0150, 0x00000218f64c40e0,
0x00000218f8f6aac0, 0x00000218825aa460, 0x00000218839eca30, 0x0000021882dfe160,
0x000002188345f160, 0x00000218825643c0, 0x000002188345f930, 0x0000021888074530,
0x0000021888062c20, 0x0000021882dda920, 0x0000021883a03210, 0x0000021883a1f940,
0x00000218839e8a10, 0x0000021882b28010, 0x0000021882b2c660, 0x0000021882b2be90,
0x0000021882dfd1c0, 0x000002188828bb70, 0x0000021888288c90, 0x0000021888289460,
0x0000021883339720, 0x000002188333a6c0, 0x0000021883337fb0, 0x0000021882ddd030,
0x00000218831206a0, 0x000002188805bbe0, 0x0000021883a06a50, 0x0000021883a07220,
0x0000021883a05ab0, 0x000002188851b690, 0x000002188851be60, 0x000002188851a6f0,
0x000002188851aec0, 0x0000021888527770, 0x0000021888528ee0, 0x0000021888527f40,
0x000002188852a650, 0x00000218885296b0, 0x0000021888528710, 0x0000021888529e80,
0x000002188852ae20, 0x0000021888058530, 0x00000218837248a0, 0x0000021883723900,
0x0000021888735090, 0x0000021888713030, 0x0000021888520f10, 0x000002188813f740,
0x0000021883460100, 0x00000218834610a0, 0x000002188813c090, 0x0000021882b287e0,
0x0000021882b29f50, 0x0000021882ddb0f0, 0x00000218885347e0, 0x0000021888465690,
0x0000021888462f80, 0x0000021888534fb0, 0x0000021883c0bfb0, 0x000002188870f980,
0x0000021888710150, 0x00000218886ef2c0, 0x0000021883339ef0, 0x0000021883777a00,
0x0000021883776290, 0x0000021888520740, 0x0000021883ba2630, 0x0000021882ddd800,
0x0000021883ba06f0, 0x0000021888535780, 0x00000218884646f0, 0x0000021883c0d720,
0x0000021883ba0ec0, 0x000002188371e8e0, 0x0000021888461fe0, 0x00000218837d0340,
0x000002188813c860, 0x000002188813dfd0, 0x00000218836bf0d0, 0x000002188345d9f0,
0x0000021883725840, 0x000002188371f0b0, 0x00000218838ed980, 0x00000218887348c0,
0x0000021882b2ddd0, 0x0000021883c0c780, 0x0000021882b2a720, 0x00000218837d0b10,
0x00000218837217c0, 0x000002188311fed0, 0x0000021883723130, 0x0000021883777230,
0x0000021888712090, 0x00000218887a1bd0, 0x0000021888685660, 0x00000218886846c0,
0x0000021888061c80, 0x0000021888060ce0, 0x0000021883720050, 0x000002188805b410,
0x00000218839ea180, 0x0000021888682780, 0x00000218839dd8f0, 0x0000021883720ff0,
0x00000218880754d0, 0x00000218836c17e0, 0x0000021883686700, 0x0000021883a02270,
0x00000218f8c88a00, 0x00000218837d2280, 0x00000218f8c8a170, 0x00000218830bc840,
0x00000218f9611100, 0x0000021882684fa0, 0x000002188349f940, 0x00000218f960f1c0,
0x0000021882afc7a0, 0x0000021882af9f50, 0x00000218f168bd20, 0x0000021882593cb0
}

Java Threads: ( => current thread )
  0x00000218f0a35cc0 JavaThread "Reference Handler"          daemon [_thread_blocked, id=5116, stack(0x0000004ff6400000,0x0000004ff6500000) (1024K)]
  0x00000218f0a36480 JavaThread "Finalizer"                  daemon [_thread_blocked, id=38644, stack(0x0000004ff6500000,0x0000004ff6600000) (1024K)]
  0x00000218f0a39460 JavaThread "Signal Dispatcher"          daemon [_thread_blocked, id=32320, stack(0x0000004ff6600000,0x0000004ff6700000) (1024K)]
  0x00000218f0a39d50 JavaThread "Attach Listener"            daemon [_thread_blocked, id=35124, stack(0x0000004ff6700000,0x0000004ff6800000) (1024K)]
  0x00000218f0a3b2e0 JavaThread "Service Thread"             daemon [_thread_blocked, id=41792, stack(0x0000004ff6800000,0x0000004ff6900000) (1024K)]
  0x00000218f0a43770 JavaThread "Monitor Deflation Thread"   daemon [_thread_blocked, id=41788, stack(0x0000004ff6900000,0x0000004ff6a00000) (1024K)]
  0x00000218f0a44ea0 JavaThread "C1 CompilerThread0"         daemon [_thread_blocked, id=42696, stack(0x0000004ff6a00000,0x0000004ff6b00000) (1024K)]
  0x00000218f16dbdf0 JavaThread "Notification Thread"        daemon [_thread_blocked, id=21864, stack(0x0000004ff6b00000,0x0000004ff6c00000) (1024K)]
  0x00000218f16e1950 JavaThread "Common-Cleaner"             daemon [_thread_blocked, id=41928, stack(0x0000004ff6c00000,0x0000004ff6d00000) (1024K)]
  0x00000218f7ba23f0 JavaThread "mysql-cj-abandoned-connection-cleanup" daemon [_thread_blocked, id=1636, stack(0x0000004ff8200000,0x0000004ff8300000) (1024K)]
  0x00000218f8d32c00 JavaThread "Live Reload Server"         daemon [_thread_in_native, id=41264, stack(0x0000004ff9300000,0x0000004ff9400000) (1024K)]
  0x00000218f64bd380 JavaThread "DestroyJavaVM"                     [_thread_blocked, id=40668, stack(0x0000004ff5c00000,0x0000004ff5d00000) (1024K)]
  0x00000218f8f6a2f0 JavaThread "File Watcher"               daemon [_thread_blocked, id=21272, stack(0x0000004ff6e00000,0x0000004ff6f00000) (1024K)]
  0x00000218825acb70 JavaThread "File Watcher"               daemon [_thread_blocked, id=40528, stack(0x0000004ff8d00000,0x0000004ff8e00000) (1024K)]
  0x0000021882b2d600 JavaThread "Thread-11"                         [_thread_blocked, id=44892, stack(0x0000004ffc800000,0x0000004ffc900000) (1024K)]
  0x00000218f8d34370 JavaThread "File Watcher"               daemon [_thread_blocked, id=15880, stack(0x0000004ff5a00000,0x0000004ff5b00000) (1024K)]
  0x0000021882b29780 JavaThread "File Watcher"               daemon [_thread_blocked, id=9564, stack(0x0000004ff5900000,0x0000004ff5a00000) (1024K)]
  0x00000218f7ed3730 JavaThread "File Watcher"               daemon [_thread_blocked, id=32264, stack(0x0000004ff6d00000,0x0000004ff6e00000) (1024K)]
  0x00000218824a0150 JavaThread "File Watcher"               daemon [_thread_blocked, id=40068, stack(0x0000004ff5b00000,0x0000004ff5c00000) (1024K)]
  0x00000218f64c40e0 JavaThread "File Watcher"               daemon [_thread_blocked, id=40700, stack(0x0000004ff7100000,0x0000004ff7200000) (1024K)]
  0x00000218f8f6aac0 JavaThread "Thread-40"                         [_thread_blocked, id=28004, stack(0x0000004ff8600000,0x0000004ff8700000) (1024K)]
  0x00000218825aa460 JavaThread "File Watcher"               daemon [_thread_blocked, id=2212, stack(0x0000004ff7000000,0x0000004ff7100000) (1024K)]
  0x00000218839eca30 JavaThread "File Watcher"               daemon [_thread_blocked, id=41076, stack(0x0000004ff8700000,0x0000004ff8800000) (1024K)]
  0x0000021882dfe160 JavaThread "File Watcher"               daemon [_thread_blocked, id=14564, stack(0x0000004ff8400000,0x0000004ff8500000) (1024K)]
  0x000002188345f160 JavaThread "Thread-50"                         [_thread_blocked, id=44204, stack(0x0000004ff6f00000,0x0000004ff7000000) (1024K)]
  0x00000218825643c0 JavaThread "File Watcher"               daemon [_thread_blocked, id=24188, stack(0x0000004ff8800000,0x0000004ff8900000) (1024K)]
  0x000002188345f930 JavaThread "File Watcher"               daemon [_thread_blocked, id=32800, stack(0x0000004ff8f00000,0x0000004ff9000000) (1024K)]
  0x0000021888074530 JavaThread "File Watcher"               daemon [_thread_blocked, id=43232, stack(0x0000004ff8900000,0x0000004ff8a00000) (1024K)]
  0x0000021888062c20 JavaThread "File Watcher"               daemon [_thread_blocked, id=42816, stack(0x0000004ff8b00000,0x0000004ff8c00000) (1024K)]
  0x0000021882dda920 JavaThread "Thread-61"                         [_thread_blocked, id=40920, stack(0x0000004ff8c00000,0x0000004ff8d00000) (1024K)]
  0x0000021883a03210 JavaThread "File Watcher"               daemon [_thread_blocked, id=31648, stack(0x0000004ff8a00000,0x0000004ff8b00000) (1024K)]
  0x0000021883a1f940 JavaThread "File Watcher"               daemon [_thread_blocked, id=18004, stack(0x0000004ffb200000,0x0000004ffb300000) (1024K)]
  0x00000218839e8a10 JavaThread "File Watcher"               daemon [_thread_blocked, id=40684, stack(0x0000004ff8e00000,0x0000004ff8f00000) (1024K)]
  0x0000021882b28010 JavaThread "File Watcher"               daemon [_thread_blocked, id=3936, stack(0x0000004ff9100000,0x0000004ff9200000) (1024K)]
  0x0000021882b2c660 JavaThread "File Watcher"               daemon [_thread_blocked, id=44980, stack(0x0000004ff7200000,0x0000004ff7300000) (1024K)]
  0x0000021882b2be90 JavaThread "Thread-79"                         [_thread_blocked, id=32936, stack(0x0000004ff9c00000,0x0000004ff9d00000) (1024K)]
  0x0000021882dfd1c0 JavaThread "HikariPool-25 housekeeper"  daemon [_thread_blocked, id=23796, stack(0x0000004ff9600000,0x0000004ff9700000) (1024K)]
  0x000002188828bb70 JavaThread "Catalina-utility-1"                [_thread_blocked, id=20104, stack(0x0000004ffa400000,0x0000004ffa500000) (1024K)]
  0x0000021888288c90 JavaThread "Catalina-utility-2"                [_thread_blocked, id=16256, stack(0x0000004ffa600000,0x0000004ffa700000) (1024K)]
  0x0000021888289460 JavaThread "container-16"                      [_thread_blocked, id=39956, stack(0x0000004ffa800000,0x0000004ffa900000) (1024K)]
  0x0000021883339720 JavaThread "lettuce-timer-58-1"         daemon [_thread_blocked, id=28140, stack(0x0000004ffb900000,0x0000004ffba00000) (1024K)]
  0x000002188333a6c0 JavaThread "HttpClient-89-SelectorManager" daemon [_thread_in_native, id=2264, stack(0x0000004ffbe00000,0x0000004ffbf00000) (1024K)]
  0x0000021883337fb0 JavaThread "HttpClient-92-SelectorManager" daemon [_thread_in_native, id=23344, stack(0x0000004ffc100000,0x0000004ffc200000) (1024K)]
  0x0000021882ddd030 JavaThread "HttpClient-101-SelectorManager" daemon [_thread_in_native, id=42704, stack(0x0000004ffcc00000,0x0000004ffcd00000) (1024K)]
  0x00000218831206a0 JavaThread "HttpClient-104-SelectorManager" daemon [_thread_in_native, id=14572, stack(0x0000004ffcf00000,0x0000004ffd000000) (1024K)]
  0x000002188805bbe0 JavaThread "File Watcher"               daemon [_thread_blocked, id=22296, stack(0x0000004ffd800000,0x0000004ffd900000) (1024K)]
  0x0000021883a06a50 JavaThread "MessageBroker-1"                   [_thread_blocked, id=2688, stack(0x0000004ffdc00000,0x0000004ffdd00000) (1024K)]
  0x0000021883a07220 JavaThread "http-nio-0.0.0.0-8080-exec-1" daemon [_thread_blocked, id=19820, stack(0x0000004ffe000000,0x0000004ffe100000) (1024K)]
  0x0000021883a05ab0 JavaThread "http-nio-0.0.0.0-8080-exec-2" daemon [_thread_in_Java, id=27372, stack(0x0000004ffe100000,0x0000004ffe200000) (1024K)]
  0x000002188851b690 JavaThread "http-nio-0.0.0.0-8080-exec-3" daemon [_thread_blocked, id=16868, stack(0x0000004ffe200000,0x0000004ffe300000) (1024K)]
  0x000002188851be60 JavaThread "http-nio-0.0.0.0-8080-exec-4" daemon [_thread_blocked, id=44680, stack(0x0000004ffe300000,0x0000004ffe400000) (1024K)]
  0x000002188851a6f0 JavaThread "http-nio-0.0.0.0-8080-exec-5" daemon [_thread_blocked, id=32208, stack(0x0000004ffe400000,0x0000004ffe500000) (1024K)]
  0x000002188851aec0 JavaThread "http-nio-0.0.0.0-8080-exec-6" daemon [_thread_blocked, id=31148, stack(0x0000004ffe500000,0x0000004ffe600000) (1024K)]
  0x0000021888527770 JavaThread "http-nio-0.0.0.0-8080-exec-7" daemon [_thread_blocked, id=9792, stack(0x0000004ffe600000,0x0000004ffe700000) (1024K)]
  0x0000021888528ee0 JavaThread "http-nio-0.0.0.0-8080-exec-8" daemon [_thread_blocked, id=41988, stack(0x0000004ffe700000,0x0000004ffe800000) (1024K)]
  0x0000021888527f40 JavaThread "http-nio-0.0.0.0-8080-exec-9" daemon [_thread_blocked, id=40280, stack(0x0000004ffe800000,0x0000004ffe900000) (1024K)]
  0x000002188852a650 JavaThread "http-nio-0.0.0.0-8080-exec-10" daemon [_thread_blocked, id=37572, stack(0x0000004ffe900000,0x0000004ffea00000) (1024K)]
  0x00000218885296b0 JavaThread "http-nio-0.0.0.0-8080-Poller" daemon [_thread_in_native, id=36740, stack(0x0000004ffea00000,0x0000004ffeb00000) (1024K)]
  0x0000021888528710 JavaThread "http-nio-0.0.0.0-8080-Acceptor" daemon [_thread_in_native, id=42456, stack(0x0000004ffeb00000,0x0000004ffec00000) (1024K)]
  0x0000021888529e80 JavaThread "MessageBroker-2"                   [_thread_blocked, id=32776, stack(0x0000004ffdf00000,0x0000004ffe000000) (1024K)]
  0x000002188852ae20 JavaThread "MessageBroker-3"                   [_thread_blocked, id=23912, stack(0x0000004ffbb00000,0x0000004ffbc00000) (1024K)]
  0x0000021888058530 JavaThread "MessageBroker-4"                   [_thread_blocked, id=41716, stack(0x0000004ffd900000,0x0000004ffda00000) (1024K)]
  0x00000218837248a0 JavaThread "MessageBroker-5"                   [_thread_blocked, id=32912, stack(0x0000004ffda00000,0x0000004ffdb00000) (1024K)]
  0x0000021883723900 JavaThread "MessageBroker-6"                   [_thread_blocked, id=43120, stack(0x0000004ffee00000,0x0000004ffef00000) (1024K)]
  0x0000021888735090 JavaThread "MessageBroker-7"                   [_thread_blocked, id=33120, stack(0x0000004ffbc00000,0x0000004ffbd00000) (1024K)]
  0x0000021888713030 JavaThread "MessageBroker-8"                   [_thread_blocked, id=23088, stack(0x0000004ff9800000,0x0000004ff9900000) (1024K)]
  0x0000021888520f10 JavaThread "File Watcher"               daemon [_thread_blocked, id=29752, stack(0x0000004ff9900000,0x0000004ff9a00000) (1024K)]
  0x000002188813f740 JavaThread "File Watcher"               daemon [_thread_blocked, id=4724, stack(0x0000004ff9000000,0x0000004ff9100000) (1024K)]
  0x0000021883460100 JavaThread "File Watcher"               daemon [_thread_blocked, id=6768, stack(0x0000004ff9400000,0x0000004ff9500000) (1024K)]
  0x00000218834610a0 JavaThread "File Watcher"               daemon [_thread_blocked, id=41232, stack(0x0000004ff9700000,0x0000004ff9800000) (1024K)]
  0x000002188813c090 JavaThread "File Watcher"               daemon [_thread_blocked, id=24356, stack(0x0000004ff9500000,0x0000004ff9600000) (1024K)]
  0x0000021882b287e0 JavaThread "lettuce-nioEventLoop-69-1"  daemon [_thread_in_native, id=43104, stack(0x0000004ff7300000,0x0000004ff7400000) (1024K)]
  0x0000021882b29f50 JavaThread "MessageBroker-9"                   [_thread_blocked, id=19080, stack(0x0000004ff9a00000,0x0000004ff9b00000) (1024K)]
  0x0000021882ddb0f0 JavaThread "MessageBroker-10"                  [_thread_blocked, id=41428, stack(0x0000004ff8500000,0x0000004ff8600000) (1024K)]
  0x00000218885347e0 JavaThread "lettuce-eventExecutorLoop-57-1" daemon [_thread_blocked, id=27452, stack(0x0000004ff9b00000,0x0000004ff9c00000) (1024K)]
  0x0000021888465690 JavaThread "lettuce-nioEventLoop-69-2"  daemon [_thread_in_native, id=44964, stack(0x0000004ff9200000,0x0000004ff9300000) (1024K)]
  0x0000021888462f80 JavaThread "MessageBroker-11"                  [_thread_blocked, id=38072, stack(0x0000004ff9d00000,0x0000004ff9e00000) (1024K)]
  0x0000021888534fb0 JavaThread "MessageBroker-12"                  [_thread_blocked, id=2424, stack(0x0000004ff9e00000,0x0000004ff9f00000) (1024K)]
  0x0000021883c0bfb0 JavaThread "lettuce-eventExecutorLoop-57-2" daemon [_thread_blocked, id=24448, stack(0x0000004ff9f00000,0x0000004ffa000000) (1024K)]
  0x000002188870f980 JavaThread "lettuce-nioEventLoop-69-3"  daemon [_thread_in_native, id=44792, stack(0x0000004ffa000000,0x0000004ffa100000) (1024K)]
  0x0000021888710150 JavaThread "MessageBroker-13"                  [_thread_blocked, id=44820, stack(0x0000004ffa100000,0x0000004ffa200000) (1024K)]
  0x00000218886ef2c0 JavaThread "lettuce-eventExecutorLoop-57-3" daemon [_thread_blocked, id=39840, stack(0x0000004ffa200000,0x0000004ffa300000) (1024K)]
  0x0000021883339ef0 JavaThread "MessageBroker-14"                  [_thread_blocked, id=23688, stack(0x0000004ffa300000,0x0000004ffa400000) (1024K)]
  0x0000021883777a00 JavaThread "lettuce-nioEventLoop-69-4"  daemon [_thread_in_native, id=40824, stack(0x0000004ffa500000,0x0000004ffa600000) (1024K)]
  0x0000021883776290 JavaThread "MessageBroker-15"                  [_thread_blocked, id=37032, stack(0x0000004ffa700000,0x0000004ffa800000) (1024K)]
  0x0000021888520740 JavaThread "lettuce-eventExecutorLoop-57-4" daemon [_thread_blocked, id=22176, stack(0x0000004ffa900000,0x0000004ffaa00000) (1024K)]
  0x0000021883ba2630 JavaThread "lettuce-nioEventLoop-69-5"  daemon [_thread_in_native, id=39596, stack(0x0000004ffaa00000,0x0000004ffab00000) (1024K)]
  0x0000021882ddd800 JavaThread "MessageBroker-16"                  [_thread_blocked, id=41000, stack(0x0000004ffab00000,0x0000004ffac00000) (1024K)]
  0x0000021883ba06f0 JavaThread "lettuce-eventExecutorLoop-57-5" daemon [_thread_blocked, id=27864, stack(0x0000004ffac00000,0x0000004ffad00000) (1024K)]
  0x0000021888535780 JavaThread "lettuce-nioEventLoop-69-6"  daemon [_thread_in_native, id=44916, stack(0x0000004ffad00000,0x0000004ffae00000) (1024K)]
  0x00000218884646f0 JavaThread "lettuce-eventExecutorLoop-57-6" daemon [_thread_blocked, id=37152, stack(0x0000004ffae00000,0x0000004ffaf00000) (1024K)]
  0x0000021883c0d720 JavaThread "lettuce-nioEventLoop-69-7"  daemon [_thread_in_native, id=41908, stack(0x0000004ffaf00000,0x0000004ffb000000) (1024K)]
  0x0000021883ba0ec0 JavaThread "lettuce-eventExecutorLoop-57-7" daemon [_thread_blocked, id=17480, stack(0x0000004ffb000000,0x0000004ffb100000) (1024K)]
  0x000002188371e8e0 JavaThread "lettuce-nioEventLoop-69-8"  daemon [_thread_in_native, id=26104, stack(0x0000004ffb100000,0x0000004ffb200000) (1024K)]
  0x0000021888461fe0 JavaThread "lettuce-eventExecutorLoop-57-8" daemon [_thread_blocked, id=36100, stack(0x0000004ffb300000,0x0000004ffb400000) (1024K)]
  0x00000218837d0340 JavaThread "lettuce-nioEventLoop-69-9"  daemon [_thread_in_native, id=40240, stack(0x0000004ffb400000,0x0000004ffb500000) (1024K)]
  0x000002188813c860 JavaThread "lettuce-eventExecutorLoop-57-9" daemon [_thread_blocked, id=41632, stack(0x0000004ffb600000,0x0000004ffb700000) (1024K)]
  0x000002188813dfd0 JavaThread "lettuce-nioEventLoop-69-10" daemon [_thread_in_native, id=44236, stack(0x0000004ffb500000,0x0000004ffb600000) (1024K)]
  0x00000218836bf0d0 JavaThread "lettuce-eventExecutorLoop-57-10" daemon [_thread_blocked, id=41548, stack(0x0000004ffbd00000,0x0000004ffbe00000) (1024K)]
  0x000002188345d9f0 JavaThread "lettuce-nioEventLoop-69-11" daemon [_thread_in_native, id=43384, stack(0x0000004ffcd00000,0x0000004ffce00000) (1024K)]
  0x0000021883725840 JavaThread "lettuce-eventExecutorLoop-57-11" daemon [_thread_blocked, id=41344, stack(0x0000004ffbf00000,0x0000004ffc000000) (1024K)]
  0x000002188371f0b0 JavaThread "lettuce-nioEventLoop-69-12" daemon [_thread_in_native, id=18708, stack(0x0000004ffc000000,0x0000004ffc100000) (1024K)]
  0x00000218838ed980 JavaThread "lettuce-eventExecutorLoop-57-12" daemon [_thread_blocked, id=40932, stack(0x0000004ffb800000,0x0000004ffb900000) (1024K)]
  0x00000218887348c0 JavaThread "lettuce-nioEventLoop-69-13" daemon [_thread_in_native, id=36336, stack(0x0000004ffb700000,0x0000004ffb800000) (1024K)]
  0x0000021882b2ddd0 JavaThread "lettuce-eventExecutorLoop-57-13" daemon [_thread_blocked, id=25408, stack(0x0000004ffba00000,0x0000004ffbb00000) (1024K)]
  0x0000021883c0c780 JavaThread "lettuce-nioEventLoop-69-14" daemon [_thread_in_native, id=35572, stack(0x0000004ffc200000,0x0000004ffc300000) (1024K)]
  0x0000021882b2a720 JavaThread "lettuce-eventExecutorLoop-57-14" daemon [_thread_blocked, id=41104, stack(0x0000004ffc300000,0x0000004ffc400000) (1024K)]
  0x00000218837d0b10 JavaThread "lettuce-nioEventLoop-69-15" daemon [_thread_in_native, id=44844, stack(0x0000004ffc400000,0x0000004ffc500000) (1024K)]
  0x00000218837217c0 JavaThread "lettuce-eventExecutorLoop-57-15" daemon [_thread_blocked, id=21828, stack(0x0000004ffc500000,0x0000004ffc600000) (1024K)]
  0x000002188311fed0 JavaThread "lettuce-nioEventLoop-69-16" daemon [_thread_in_native, id=44532, stack(0x0000004ffc600000,0x0000004ffc700000) (1024K)]
  0x0000021883723130 JavaThread "lettuce-eventExecutorLoop-57-16" daemon [_thread_blocked, id=38708, stack(0x0000004ffc700000,0x0000004ffc800000) (1024K)]
  0x0000021883777230 JavaThread "File Watcher"               daemon [_thread_blocked, id=16456, stack(0x0000004ffde00000,0x0000004ffdf00000) (1024K)]
  0x0000021888712090 JavaThread "File Watcher"               daemon [_thread_blocked, id=41668, stack(0x0000004ffec00000,0x0000004ffed00000) (1024K)]
  0x00000218887a1bd0 JavaThread "File Watcher"               daemon [_thread_blocked, id=24696, stack(0x0000004ffed00000,0x0000004ffee00000) (1024K)]
  0x0000021888685660 JavaThread "File Watcher"               daemon [_thread_blocked, id=43700, stack(0x0000004ffc900000,0x0000004ffca00000) (1024K)]
  0x00000218886846c0 JavaThread "File Watcher"               daemon [_thread_blocked, id=5352, stack(0x0000004ffca00000,0x0000004ffcb00000) (1024K)]
  0x0000021888061c80 JavaThread "File Watcher"               daemon [_thread_blocked, id=28980, stack(0x0000004ffcb00000,0x0000004ffcc00000) (1024K)]
  0x0000021888060ce0 JavaThread "File Watcher"               daemon [_thread_blocked, id=38988, stack(0x0000004fff000000,0x0000004fff100000) (1024K)]
  0x0000021883720050 JavaThread "File Watcher"               daemon [_thread_blocked, id=15220, stack(0x0000004ffd300000,0x0000004ffd400000) (1024K)]
  0x000002188805b410 JavaThread "File Watcher"               daemon [_thread_blocked, id=20120, stack(0x0000004ffdb00000,0x0000004ffdc00000) (1024K)]
  0x00000218839ea180 JavaThread "File Watcher"               daemon [_thread_blocked, id=24436, stack(0x0000004ffef00000,0x0000004fff000000) (1024K)]
  0x0000021888682780 JavaThread "File Watcher"               daemon [_thread_blocked, id=34092, stack(0x0000004fff800000,0x0000004fff900000) (1024K)]
  0x00000218839dd8f0 JavaThread "File Watcher"               daemon [_thread_blocked, id=22936, stack(0x0000004ffd100000,0x0000004ffd200000) (1024K)]
  0x0000021883720ff0 JavaThread "File Watcher"               daemon [_thread_blocked, id=43872, stack(0x0000004fff600000,0x0000004fff700000) (1024K)]
  0x00000218880754d0 JavaThread "File Watcher"               daemon [_thread_blocked, id=44184, stack(0x0000004fff700000,0x0000004fff800000) (1024K)]
  0x00000218836c17e0 JavaThread "File Watcher"               daemon [_thread_blocked, id=38980, stack(0x0000004ffd200000,0x0000004ffd300000) (1024K)]
  0x0000021883686700 JavaThread "File Watcher"               daemon [_thread_blocked, id=24068, stack(0x0000004ffd400000,0x0000004ffd500000) (1024K)]
  0x0000021883a02270 JavaThread "File Watcher"               daemon [_thread_blocked, id=26068, stack(0x0000004fff100000,0x0000004fff200000) (1024K)]
  0x00000218f8c88a00 JavaThread "File Watcher"               daemon [_thread_blocked, id=29496, stack(0x0000004ffd500000,0x0000004ffd600000) (1024K)]
  0x00000218837d2280 JavaThread "File Watcher"               daemon [_thread_blocked, id=43368, stack(0x0000004ffd600000,0x0000004ffd700000) (1024K)]
  0x00000218f8c8a170 JavaThread "File Watcher"               daemon [_thread_blocked, id=32756, stack(0x0000004ffd700000,0x0000004ffd800000) (1024K)]
  0x00000218830bc840 JavaThread "File Watcher"               daemon [_thread_blocked, id=37060, stack(0x0000004f80600000,0x0000004f80700000) (1024K)]
  0x00000218f9611100 JavaThread "File Watcher"               daemon [_thread_blocked, id=43292, stack(0x0000004f80700000,0x0000004f80800000) (1024K)]
  0x0000021882684fa0 JavaThread "File Watcher"               daemon [_thread_blocked, id=25368, stack(0x0000004f80900000,0x0000004f80a00000) (1024K)]
  0x000002188349f940 JavaThread "File Watcher"               daemon [_thread_blocked, id=42532, stack(0x0000004f80a00000,0x0000004f80b00000) (1024K)]
  0x00000218f960f1c0 JavaThread "File Watcher"               daemon [_thread_blocked, id=36076, stack(0x0000004f80800000,0x0000004f80900000) (1024K)]
=>0x0000021882afc7a0 JavaThread "C1 CompilerThread1"         daemon [_thread_in_native, id=44196, stack(0x0000004f80000000,0x0000004f80100000) (1024K)]
  0x0000021882af9f50 JavaThread "C1 CompilerThread2"         daemon [_thread_blocked, id=4928, stack(0x0000004f80100000,0x0000004f80200000) (1024K)]
  0x00000218f168bd20 JavaThread "C1 CompilerThread3"         daemon [_thread_blocked, id=42592, stack(0x0000004f80200000,0x0000004f80300000) (1024K)]
  0x0000021882593cb0 JavaThread "C1 CompilerThread4"         daemon [_thread_blocked, id=43064, stack(0x0000004f80300000,0x0000004f80400000) (1024K)]
Total: 140

Other Threads:
  0x00000218f0a22710 VMThread "VM Thread"                           [id=40112, stack(0x0000004ff6300000,0x0000004ff6400000) (1024K)]
  0x00000218f0a0f9c0 WatcherThread "VM Periodic Task Thread"        [id=42792, stack(0x0000004ff6200000,0x0000004ff6300000) (1024K)]
  0x00000218ddabdde0 WorkerThread "GC Thread#0"                     [id=18128, stack(0x0000004ff5d00000,0x0000004ff5e00000) (1024K)]
  0x00000218f625cdf0 WorkerThread "GC Thread#1"                     [id=35680, stack(0x0000004ff7500000,0x0000004ff7600000) (1024K)]
  0x00000218f625dae0 WorkerThread "GC Thread#2"                     [id=22436, stack(0x0000004ff7600000,0x0000004ff7700000) (1024K)]
  0x00000218f625c100 WorkerThread "GC Thread#3"                     [id=5428, stack(0x0000004ff7700000,0x0000004ff7800000) (1024K)]
  0x00000218f625bcb0 WorkerThread "GC Thread#4"                     [id=39236, stack(0x0000004ff7800000,0x0000004ff7900000) (1024K)]
  0x00000218f625df30 WorkerThread "GC Thread#5"                     [id=38444, stack(0x0000004ff7900000,0x0000004ff7a00000) (1024K)]
  0x00000218f625f070 WorkerThread "GC Thread#6"                     [id=43040, stack(0x0000004ff7a00000,0x0000004ff7b00000) (1024K)]
  0x00000218f625e7d0 WorkerThread "GC Thread#7"                     [id=43032, stack(0x0000004ff7b00000,0x0000004ff7c00000) (1024K)]
  0x00000218f72c25f0 WorkerThread "GC Thread#8"                     [id=39884, stack(0x0000004ff7400000,0x0000004ff7500000) (1024K)]
  0x00000218f72c2a40 WorkerThread "GC Thread#9"                     [id=40220, stack(0x0000004ff7e00000,0x0000004ff7f00000) (1024K)]
  0x00000218f72c4cc0 WorkerThread "GC Thread#10"                    [id=41948, stack(0x0000004ff7f00000,0x0000004ff8000000) (1024K)]
  0x00000218f72c5110 WorkerThread "GC Thread#11"                    [id=44620, stack(0x0000004ff8000000,0x0000004ff8100000) (1024K)]
  0x00000218f72c1900 WorkerThread "GC Thread#12"                    [id=43276, stack(0x0000004ff8100000,0x0000004ff8200000) (1024K)]
  0x00000218ddad5c30 ConcurrentGCThread "G1 Main Marker"            [id=42936, stack(0x0000004ff5e00000,0x0000004ff5f00000) (1024K)]
  0x00000218ddad7420 WorkerThread "G1 Conc#0"                       [id=18060, stack(0x0000004ff5f00000,0x0000004ff6000000) (1024K)]
  0x00000218f625e380 WorkerThread "G1 Conc#1"                       [id=36996, stack(0x0000004ff7c00000,0x0000004ff7d00000) (1024K)]
  0x00000218f625ec20 WorkerThread "G1 Conc#2"                       [id=39368, stack(0x0000004ff7d00000,0x0000004ff7e00000) (1024K)]
  0x00000218ddaee270 ConcurrentGCThread "G1 Refine#0"               [id=15412, stack(0x0000004ff6000000,0x0000004ff6100000) (1024K)]
  0x00000218ddaee730 ConcurrentGCThread "G1 Service"                [id=9752, stack(0x0000004ff6100000,0x0000004ff6200000) (1024K)]
Total: 21

Threads with active compile tasks:
C1 CompilerThread1  3201563 81857   !   1       com.sun.org.apache.xerces.internal.impl.XMLDocumentFragmentScannerImpl$FragmentContentDriver::next (2331 bytes)
Total: 1

VM state: not at safepoint (normal execution)

VM Mutex/Monitor currently owned by a thread: None

Heap address: 0x000000070b600000, size: 3914 MB, Compressed Oops mode: Zero based, Oop shift amount: 3

CDS archive(s) mapped at: [0x0000000013000000-0x0000000013dd0000-0x0000000013dd0000), size 14483456, SharedBaseAddress: 0x0000000013000000, ArchiveRelocationMode: 1.
Compressed class space mapped at: 0x0000000014000000-0x0000000054000000, reserved size: 1073741824
UseCompressedClassPointers 1, UseCompactObjectHeaders 0
Narrow klass pointer bits 32, Max shift 3
Narrow klass base: 0x0000000013000000, Narrow klass shift: 0
Encoding Range: [0x0000000013000000 - 0x0000000113000000), (4294967296 bytes)
Klass Range:    [0x0000000013010000 - 0x0000000054000000), (1090453504 bytes)
Klass ID Range:  [65536 - 1090519033) (1090453497)
Protection zone: [0x0000000013000000 - 0x0000000013010000), (65536 bytes)

GC Precious Log:
 CardTable entry size: 512
 Card Set container configuration: InlinePtr #cards 4 size 8 Array Of Cards #cards 16 size 48 Howl #buckets 8 coarsen threshold 3686 Howl Bitmap #cards 512 size 80 coarsen threshold 460 Card regions per heap region 1 cards per card region 4096
 CPUs: 16 total, 16 available
 Memory: 15654M
 Large Page Support: Disabled
 NUMA Support: Disabled
 Compressed Oops: Enabled (Zero based)
 Heap Region Size: 2M
 Heap Min Capacity: 8M
 Heap Initial Capacity: 246M
 Heap Max Capacity: 3914M
 Pre-touch: Disabled
 Parallel Workers: 13
 Concurrent Workers: 3
 Concurrent Refinement Workers: 13
 Periodic GC: Disabled

Heap:
 garbage-first heap   total reserved 4007936K, committed 315392K, used 268760K [0x000000070b600000, 0x0000000800000000)
  region size 2048K, 88 young (180224K), 2 survivors (4096K)

Heap Regions: E=young(eden), S=young(survivor), O=old, HS=humongous(starts), HC=humongous(continues), CS=collection set, F=free, TAMS=top-at-mark-start, PB=parsable bottom
|   0|0x000000070b600000, 0x000000070b800000, 0x000000070b800000|100%| O|  |TAMS 0x000000070b600000| PB 0x000000070b600000| Untracked |  0
|   1|0x000000070b800000, 0x000000070ba00000, 0x000000070ba00000|100%| O|  |TAMS 0x000000070b800000| PB 0x000000070b800000| Untracked |  0
|   2|0x000000070ba00000, 0x000000070bbffff0, 0x000000070bc00000| 99%| O|  |TAMS 0x000000070ba00000| PB 0x000000070ba00000| Untracked |  0
|   3|0x000000070bc00000, 0x000000070bdffff8, 0x000000070be00000| 99%| O|  |TAMS 0x000000070bc00000| PB 0x000000070bc00000| Untracked |  0
|   4|0x000000070be00000, 0x000000070c000000, 0x000000070c000000|100%| O|  |TAMS 0x000000070be00000| PB 0x000000070be00000| Untracked |  0
|   5|0x000000070c000000, 0x000000070c200000, 0x000000070c200000|100%| O|  |TAMS 0x000000070c000000| PB 0x000000070c000000| Untracked |  0
|   6|0x000000070c200000, 0x000000070c3fffc0, 0x000000070c400000| 99%| O|  |TAMS 0x000000070c200000| PB 0x000000070c200000| Untracked |  0
|   7|0x000000070c400000, 0x000000070c5ffff8, 0x000000070c600000| 99%| O|  |TAMS 0x000000070c400000| PB 0x000000070c400000| Untracked |  0
|   8|0x000000070c600000, 0x000000070c7fffe8, 0x000000070c800000| 99%| O|  |TAMS 0x000000070c600000| PB 0x000000070c600000| Untracked |  0
|   9|0x000000070c800000, 0x000000070c9fffe8, 0x000000070ca00000| 99%| O|  |TAMS 0x000000070c800000| PB 0x000000070c800000| Untracked |  0
|  10|0x000000070ca00000, 0x000000070cbffff0, 0x000000070cc00000| 99%| O|  |TAMS 0x000000070ca00000| PB 0x000000070ca00000| Untracked |  0
|  11|0x000000070cc00000, 0x000000070ce00000, 0x000000070ce00000|100%| O|  |TAMS 0x000000070cc00000| PB 0x000000070cc00000| Untracked |  0
|  12|0x000000070ce00000, 0x000000070cfffff0, 0x000000070d000000| 99%| O|  |TAMS 0x000000070ce00000| PB 0x000000070ce00000| Untracked |  0
|  13|0x000000070d000000, 0x000000070d1ffff8, 0x000000070d200000| 99%| O|  |TAMS 0x000000070d000000| PB 0x000000070d000000| Untracked |  0
|  14|0x000000070d200000, 0x000000070d3fffe8, 0x000000070d400000| 99%| O|  |TAMS 0x000000070d200000| PB 0x000000070d200000| Untracked |  0
|  15|0x000000070d400000, 0x000000070d5fffd0, 0x000000070d600000| 99%| O|  |TAMS 0x000000070d400000| PB 0x000000070d400000| Untracked |  0
|  16|0x000000070d600000, 0x000000070d800000, 0x000000070d800000|100%| O|  |TAMS 0x000000070d600000| PB 0x000000070d600000| Untracked |  0
|  17|0x000000070d800000, 0x000000070da00000, 0x000000070da00000|100%| O|  |TAMS 0x000000070d800000| PB 0x000000070d800000| Untracked |  0
|  18|0x000000070da00000, 0x000000070dbffa00, 0x000000070dc00000| 99%| O|Cm|TAMS 0x000000070da00000| PB 0x000000070da00000| Complete |  0
|  19|0x000000070dc00000, 0x000000070de00000, 0x000000070de00000|100%|HS|  |TAMS 0x000000070dc00000| PB 0x000000070dc00000| Complete |  0
|  20|0x000000070de00000, 0x000000070dffffe8, 0x000000070e000000| 99%| O|  |TAMS 0x000000070de00000| PB 0x000000070de00000| Untracked |  0
|  21|0x000000070e000000, 0x000000070e200000, 0x000000070e200000|100%| O|  |TAMS 0x000000070e000000| PB 0x000000070e000000| Untracked |  0
|  22|0x000000070e200000, 0x000000070e400000, 0x000000070e400000|100%| O|  |TAMS 0x000000070e200000| PB 0x000000070e200000| Untracked |  0
|  23|0x000000070e400000, 0x000000070e600000, 0x000000070e600000|100%| O|  |TAMS 0x000000070e400000| PB 0x000000070e400000| Untracked |  0
|  24|0x000000070e600000, 0x000000070e800000, 0x000000070e800000|100%| O|  |TAMS 0x000000070e600000| PB 0x000000070e600000| Untracked |  0
|  25|0x000000070e800000, 0x000000070ea00000, 0x000000070ea00000|100%| O|  |TAMS 0x000000070e800000| PB 0x000000070e800000| Untracked |  0
|  26|0x000000070ea00000, 0x000000070ec00000, 0x000000070ec00000|100%| O|  |TAMS 0x000000070ea00000| PB 0x000000070ea00000| Untracked |  0
|  27|0x000000070ec00000, 0x000000070ee00000, 0x000000070ee00000|100%| O|  |TAMS 0x000000070ec00000| PB 0x000000070ec00000| Untracked |  0
|  28|0x000000070ee00000, 0x000000070f000000, 0x000000070f000000|100%| O|  |TAMS 0x000000070ee00000| PB 0x000000070ee00000| Untracked |  0
|  29|0x000000070f000000, 0x000000070f1c80d8, 0x000000070f200000| 89%| O|  |TAMS 0x000000070f000000| PB 0x000000070f000000| Untracked |  0
|  30|0x000000070f200000, 0x000000070f400000, 0x000000070f400000|100%| O|  |TAMS 0x000000070f200000| PB 0x000000070f200000| Untracked |  0
|  31|0x000000070f400000, 0x000000070f600000, 0x000000070f600000|100%| O|  |TAMS 0x000000070f400000| PB 0x000000070f400000| Untracked |  0
|  32|0x000000070f600000, 0x000000070f800000, 0x000000070f800000|100%| O|  |TAMS 0x000000070f600000| PB 0x000000070f600000| Untracked |  0
|  33|0x000000070f800000, 0x000000070fa00000, 0x000000070fa00000|100%| O|  |TAMS 0x000000070f800000| PB 0x000000070f800000| Untracked |  0
|  34|0x000000070fa00000, 0x000000070fc00000, 0x000000070fc00000|100%|HS|  |TAMS 0x000000070fa00000| PB 0x000000070fa00000| Complete |  0
|  35|0x000000070fc00000, 0x000000070fe00000, 0x000000070fe00000|100%| O|  |TAMS 0x000000070fc00000| PB 0x000000070fc00000| Untracked |  0
|  36|0x000000070fe00000, 0x0000000710000000, 0x0000000710000000|100%| O|  |TAMS 0x000000070fe00000| PB 0x000000070fe00000| Untracked |  0
|  37|0x0000000710000000, 0x0000000710200000, 0x0000000710200000|100%| O|  |TAMS 0x0000000710000000| PB 0x0000000710000000| Untracked |  0
|  38|0x0000000710200000, 0x0000000710400000, 0x0000000710400000|100%| O|  |TAMS 0x0000000710200000| PB 0x0000000710200000| Untracked |  0
|  39|0x0000000710400000, 0x0000000710600000, 0x0000000710600000|100%| O|Cm|TAMS 0x0000000710400000| PB 0x0000000710400000| Complete |  0
|  40|0x0000000710600000, 0x0000000710800000, 0x0000000710800000|100%| O|  |TAMS 0x0000000710600000| PB 0x0000000710600000| Untracked |  0
|  41|0x0000000710800000, 0x0000000710a00000, 0x0000000710a00000|100%| O|  |TAMS 0x0000000710800000| PB 0x0000000710800000| Untracked |  0
|  42|0x0000000710a00000, 0x0000000710c00000, 0x0000000710c00000|100%| O|  |TAMS 0x0000000710a00000| PB 0x0000000710a00000| Untracked |  0
|  43|0x0000000710c00000, 0x0000000710c00000, 0x0000000710e00000|  0%| F|  |TAMS 0x0000000710c00000| PB 0x0000000710c00000| Untracked |  0
|  44|0x0000000710e00000, 0x0000000711000000, 0x0000000711000000|100%| O|  |TAMS 0x0000000710e00000| PB 0x0000000710e00000| Untracked |  0
|  45|0x0000000711000000, 0x0000000711000000, 0x0000000711200000|  0%| F|  |TAMS 0x0000000711000000| PB 0x0000000711000000| Untracked |  0
|  46|0x0000000711200000, 0x0000000711400000, 0x0000000711400000|100%| O|  |TAMS 0x0000000711200000| PB 0x0000000711200000| Untracked |  0
|  47|0x0000000711400000, 0x0000000711400000, 0x0000000711600000|  0%| F|  |TAMS 0x0000000711400000| PB 0x0000000711400000| Untracked |  0
|  48|0x0000000711600000, 0x0000000711600000, 0x0000000711800000|  0%| F|  |TAMS 0x0000000711600000| PB 0x0000000711600000| Untracked |  0
|  49|0x0000000711800000, 0x0000000711800000, 0x0000000711a00000|  0%| F|  |TAMS 0x0000000711800000| PB 0x0000000711800000| Untracked |  0
|  50|0x0000000711a00000, 0x0000000711c00000, 0x0000000711c00000|100%| O|  |TAMS 0x0000000711a00000| PB 0x0000000711a00000| Untracked |  0
|  51|0x0000000711c00000, 0x0000000711c00000, 0x0000000711e00000|  0%| F|  |TAMS 0x0000000711c00000| PB 0x0000000711c00000| Untracked |  0
|  52|0x0000000711e00000, 0x0000000711e00000, 0x0000000712000000|  0%| F|  |TAMS 0x0000000711e00000| PB 0x0000000711e00000| Untracked |  0
|  53|0x0000000712000000, 0x0000000712000000, 0x0000000712200000|  0%| F|  |TAMS 0x0000000712000000| PB 0x0000000712000000| Untracked |  0
|  54|0x0000000712200000, 0x0000000712200000, 0x0000000712400000|  0%| F|  |TAMS 0x0000000712200000| PB 0x0000000712200000| Untracked |  0
|  55|0x0000000712400000, 0x0000000712400000, 0x0000000712600000|  0%| F|  |TAMS 0x0000000712400000| PB 0x0000000712400000| Untracked |  0
|  56|0x0000000712600000, 0x0000000712600000, 0x0000000712800000|  0%| F|  |TAMS 0x0000000712600000| PB 0x0000000712600000| Untracked |  0
|  57|0x0000000712800000, 0x0000000712800000, 0x0000000712a00000|  0%| F|  |TAMS 0x0000000712800000| PB 0x0000000712800000| Untracked |  0
|  58|0x0000000712a00000, 0x0000000712a00000, 0x0000000712c00000|  0%| F|  |TAMS 0x0000000712a00000| PB 0x0000000712a00000| Untracked |  0
|  59|0x0000000712c00000, 0x0000000712c00000, 0x0000000712e00000|  0%| F|  |TAMS 0x0000000712c00000| PB 0x0000000712c00000| Untracked |  0
|  60|0x0000000712e00000, 0x0000000712e00000, 0x0000000713000000|  0%| F|  |TAMS 0x0000000712e00000| PB 0x0000000712e00000| Untracked |  0
|  61|0x0000000713000000, 0x0000000713000000, 0x0000000713200000|  0%| F|  |TAMS 0x0000000713000000| PB 0x0000000713000000| Untracked |  0
|  62|0x0000000713200000, 0x0000000713200000, 0x0000000713400000|  0%| F|  |TAMS 0x0000000713200000| PB 0x0000000713200000| Untracked |  0
|  63|0x0000000713400000, 0x0000000713400000, 0x0000000713600000|  0%| F|  |TAMS 0x0000000713400000| PB 0x0000000713400000| Untracked |  0
|  64|0x0000000713600000, 0x0000000713600000, 0x0000000713800000|  0%| F|  |TAMS 0x0000000713600000| PB 0x0000000713600000| Untracked |  0
|  65|0x0000000713800000, 0x00000007138ae778, 0x0000000713a00000| 34%| S|CS|TAMS 0x0000000713800000| PB 0x0000000713800000| Complete |  0
|  66|0x0000000713a00000, 0x0000000713c00000, 0x0000000713c00000|100%| S|CS|TAMS 0x0000000713a00000| PB 0x0000000713a00000| Complete |  0
|  67|0x0000000713c00000, 0x0000000713c00000, 0x0000000713e00000|  0%| F|  |TAMS 0x0000000713c00000| PB 0x0000000713c00000| Untracked |  0
|  68|0x0000000713e00000, 0x0000000713fe7948, 0x0000000714000000| 95%| E|  |TAMS 0x0000000713e00000| PB 0x0000000713e00000| Complete |  0
|  69|0x0000000714000000, 0x0000000714200000, 0x0000000714200000|100%| E|CS|TAMS 0x0000000714000000| PB 0x0000000714000000| Complete |  0
|  70|0x0000000714200000, 0x0000000714400000, 0x0000000714400000|100%| E|CS|TAMS 0x0000000714200000| PB 0x0000000714200000| Complete |  0
|  71|0x0000000714400000, 0x0000000714600000, 0x0000000714600000|100%| E|CS|TAMS 0x0000000714400000| PB 0x0000000714400000| Complete |  0
|  72|0x0000000714600000, 0x0000000714800000, 0x0000000714800000|100%| E|CS|TAMS 0x0000000714600000| PB 0x0000000714600000| Complete |  0
|  73|0x0000000714800000, 0x0000000714a00000, 0x0000000714a00000|100%| E|CS|TAMS 0x0000000714800000| PB 0x0000000714800000| Complete |  0
|  74|0x0000000714a00000, 0x0000000714c00000, 0x0000000714c00000|100%| E|CS|TAMS 0x0000000714a00000| PB 0x0000000714a00000| Complete |  0
|  75|0x0000000714c00000, 0x0000000714e00000, 0x0000000714e00000|100%| E|CS|TAMS 0x0000000714c00000| PB 0x0000000714c00000| Complete |  0
|  76|0x0000000714e00000, 0x0000000715000000, 0x0000000715000000|100%| E|CS|TAMS 0x0000000714e00000| PB 0x0000000714e00000| Complete |  0
|  77|0x0000000715000000, 0x0000000715200000, 0x0000000715200000|100%| E|  |TAMS 0x0000000715000000| PB 0x0000000715000000| Complete |  0
|  78|0x0000000715200000, 0x0000000715400000, 0x0000000715400000|100%| E|CS|TAMS 0x0000000715200000| PB 0x0000000715200000| Complete |  0
|  79|0x0000000715400000, 0x0000000715600000, 0x0000000715600000|100%| E|CS|TAMS 0x0000000715400000| PB 0x0000000715400000| Complete |  0
|  80|0x0000000715600000, 0x0000000715800000, 0x0000000715800000|100%| E|CS|TAMS 0x0000000715600000| PB 0x0000000715600000| Complete |  0
|  81|0x0000000715800000, 0x0000000715a00000, 0x0000000715a00000|100%| E|CS|TAMS 0x0000000715800000| PB 0x0000000715800000| Complete |  0
|  82|0x0000000715a00000, 0x0000000715c00000, 0x0000000715c00000|100%| E|CS|TAMS 0x0000000715a00000| PB 0x0000000715a00000| Complete |  0
|  83|0x0000000715c00000, 0x0000000715e00000, 0x0000000715e00000|100%| E|CS|TAMS 0x0000000715c00000| PB 0x0000000715c00000| Complete |  0
|  84|0x0000000715e00000, 0x0000000716000000, 0x0000000716000000|100%| E|CS|TAMS 0x0000000715e00000| PB 0x0000000715e00000| Complete |  0
|  85|0x0000000716000000, 0x0000000716200000, 0x0000000716200000|100%| E|CS|TAMS 0x0000000716000000| PB 0x0000000716000000| Complete |  0
|  86|0x0000000716200000, 0x0000000716400000, 0x0000000716400000|100%| E|CS|TAMS 0x0000000716200000| PB 0x0000000716200000| Complete |  0
|  87|0x0000000716400000, 0x0000000716600000, 0x0000000716600000|100%| E|CS|TAMS 0x0000000716400000| PB 0x0000000716400000| Complete |  0
|  88|0x0000000716600000, 0x0000000716800000, 0x0000000716800000|100%| E|CS|TAMS 0x0000000716600000| PB 0x0000000716600000| Complete |  0
|  89|0x0000000716800000, 0x0000000716a00000, 0x0000000716a00000|100%| E|CS|TAMS 0x0000000716800000| PB 0x0000000716800000| Complete |  0
|  90|0x0000000716a00000, 0x0000000716c00000, 0x0000000716c00000|100%| E|CS|TAMS 0x0000000716a00000| PB 0x0000000716a00000| Complete |  0
|  91|0x0000000716c00000, 0x0000000716e00000, 0x0000000716e00000|100%| E|CS|TAMS 0x0000000716c00000| PB 0x0000000716c00000| Complete |  0
|  92|0x0000000716e00000, 0x0000000717000000, 0x0000000717000000|100%| E|CS|TAMS 0x0000000716e00000| PB 0x0000000716e00000| Complete |  0
|  93|0x0000000717000000, 0x0000000717200000, 0x0000000717200000|100%| E|CS|TAMS 0x0000000717000000| PB 0x0000000717000000| Complete |  0
|  94|0x0000000717200000, 0x0000000717400000, 0x0000000717400000|100%| E|CS|TAMS 0x0000000717200000| PB 0x0000000717200000| Complete |  0
|  95|0x0000000717400000, 0x0000000717600000, 0x0000000717600000|100%| E|CS|TAMS 0x0000000717400000| PB 0x0000000717400000| Complete |  0
|  96|0x0000000717600000, 0x0000000717800000, 0x0000000717800000|100%| E|CS|TAMS 0x0000000717600000| PB 0x0000000717600000| Complete |  0
|  97|0x0000000717800000, 0x0000000717a00000, 0x0000000717a00000|100%| E|CS|TAMS 0x0000000717800000| PB 0x0000000717800000| Complete |  0
|  98|0x0000000717a00000, 0x0000000717c00000, 0x0000000717c00000|100%| E|CS|TAMS 0x0000000717a00000| PB 0x0000000717a00000| Complete |  0
|  99|0x0000000717c00000, 0x0000000717e00000, 0x0000000717e00000|100%| E|CS|TAMS 0x0000000717c00000| PB 0x0000000717c00000| Complete |  0
| 100|0x0000000717e00000, 0x0000000718000000, 0x0000000718000000|100%| E|CS|TAMS 0x0000000717e00000| PB 0x0000000717e00000| Complete |  0
| 101|0x0000000718000000, 0x0000000718200000, 0x0000000718200000|100%| E|CS|TAMS 0x0000000718000000| PB 0x0000000718000000| Complete |  0
| 102|0x0000000718200000, 0x0000000718400000, 0x0000000718400000|100%| E|CS|TAMS 0x0000000718200000| PB 0x0000000718200000| Complete |  0
| 103|0x0000000718400000, 0x0000000718600000, 0x0000000718600000|100%| E|CS|TAMS 0x0000000718400000| PB 0x0000000718400000| Complete |  0
| 104|0x0000000718600000, 0x0000000718800000, 0x0000000718800000|100%| E|CS|TAMS 0x0000000718600000| PB 0x0000000718600000| Complete |  0
| 105|0x0000000718800000, 0x0000000718a00000, 0x0000000718a00000|100%| E|CS|TAMS 0x0000000718800000| PB 0x0000000718800000| Complete |  0
| 106|0x0000000718a00000, 0x0000000718c00000, 0x0000000718c00000|100%| E|CS|TAMS 0x0000000718a00000| PB 0x0000000718a00000| Complete |  0
| 107|0x0000000718c00000, 0x0000000718e00000, 0x0000000718e00000|100%| E|CS|TAMS 0x0000000718c00000| PB 0x0000000718c00000| Complete |  0
| 108|0x0000000718e00000, 0x0000000719000000, 0x0000000719000000|100%| E|CS|TAMS 0x0000000718e00000| PB 0x0000000718e00000| Complete |  0
| 109|0x0000000719000000, 0x0000000719200000, 0x0000000719200000|100%| E|CS|TAMS 0x0000000719000000| PB 0x0000000719000000| Complete |  0
| 110|0x0000000719200000, 0x0000000719400000, 0x0000000719400000|100%| E|CS|TAMS 0x0000000719200000| PB 0x0000000719200000| Complete |  0
| 111|0x0000000719400000, 0x0000000719600000, 0x0000000719600000|100%| E|CS|TAMS 0x0000000719400000| PB 0x0000000719400000| Complete |  0
| 112|0x0000000719600000, 0x0000000719800000, 0x0000000719800000|100%| E|CS|TAMS 0x0000000719600000| PB 0x0000000719600000| Complete |  0
| 113|0x0000000719800000, 0x0000000719a00000, 0x0000000719a00000|100%| E|CS|TAMS 0x0000000719800000| PB 0x0000000719800000| Complete |  0
| 114|0x0000000719a00000, 0x0000000719c00000, 0x0000000719c00000|100%| E|CS|TAMS 0x0000000719a00000| PB 0x0000000719a00000| Complete |  0
| 115|0x0000000719c00000, 0x0000000719e00000, 0x0000000719e00000|100%| E|CS|TAMS 0x0000000719c00000| PB 0x0000000719c00000| Complete |  0
| 116|0x0000000719e00000, 0x000000071a000000, 0x000000071a000000|100%| E|CS|TAMS 0x0000000719e00000| PB 0x0000000719e00000| Complete |  0
| 117|0x000000071a000000, 0x000000071a200000, 0x000000071a200000|100%| E|CS|TAMS 0x000000071a000000| PB 0x000000071a000000| Complete |  0
| 118|0x000000071a200000, 0x000000071a400000, 0x000000071a400000|100%| E|CS|TAMS 0x000000071a200000| PB 0x000000071a200000| Complete |  0
| 119|0x000000071a400000, 0x000000071a600000, 0x000000071a600000|100%| E|CS|TAMS 0x000000071a400000| PB 0x000000071a400000| Complete |  0
| 120|0x000000071a600000, 0x000000071a800000, 0x000000071a800000|100%| E|CS|TAMS 0x000000071a600000| PB 0x000000071a600000| Complete |  0
| 121|0x000000071a800000, 0x000000071aa00000, 0x000000071aa00000|100%| E|CS|TAMS 0x000000071a800000| PB 0x000000071a800000| Complete |  0
| 122|0x000000071aa00000, 0x000000071ac00000, 0x000000071ac00000|100%| E|CS|TAMS 0x000000071aa00000| PB 0x000000071aa00000| Complete |  0
| 123|0x000000071ac00000, 0x000000071ae00000, 0x000000071ae00000|100%| E|CS|TAMS 0x000000071ac00000| PB 0x000000071ac00000| Complete |  0
| 124|0x000000071ae00000, 0x000000071b000000, 0x000000071b000000|100%| E|CS|TAMS 0x000000071ae00000| PB 0x000000071ae00000| Complete |  0
| 125|0x000000071b000000, 0x000000071b200000, 0x000000071b200000|100%| E|CS|TAMS 0x000000071b000000| PB 0x000000071b000000| Complete |  0
| 126|0x000000071b200000, 0x000000071b400000, 0x000000071b400000|100%| E|CS|TAMS 0x000000071b200000| PB 0x000000071b200000| Complete |  0
| 127|0x000000071b400000, 0x000000071b600000, 0x000000071b600000|100%| E|CS|TAMS 0x000000071b400000| PB 0x000000071b400000| Complete |  0
| 128|0x000000071b600000, 0x000000071b800000, 0x000000071b800000|100%| E|CS|TAMS 0x000000071b600000| PB 0x000000071b600000| Complete |  0
| 129|0x000000071b800000, 0x000000071ba00000, 0x000000071ba00000|100%| E|CS|TAMS 0x000000071b800000| PB 0x000000071b800000| Complete |  0
| 130|0x000000071ba00000, 0x000000071bc00000, 0x000000071bc00000|100%| E|CS|TAMS 0x000000071ba00000| PB 0x000000071ba00000| Complete |  0
| 131|0x000000071bc00000, 0x000000071be00000, 0x000000071be00000|100%| E|CS|TAMS 0x000000071bc00000| PB 0x000000071bc00000| Complete |  0
| 132|0x000000071be00000, 0x000000071c000000, 0x000000071c000000|100%| E|CS|TAMS 0x000000071be00000| PB 0x000000071be00000| Complete |  0
| 133|0x000000071c000000, 0x000000071c200000, 0x000000071c200000|100%| E|CS|TAMS 0x000000071c000000| PB 0x000000071c000000| Complete |  0
| 134|0x000000071c200000, 0x000000071c400000, 0x000000071c400000|100%| E|CS|TAMS 0x000000071c200000| PB 0x000000071c200000| Complete |  0
| 135|0x000000071c400000, 0x000000071c600000, 0x000000071c600000|100%| E|CS|TAMS 0x000000071c400000| PB 0x000000071c400000| Complete |  0
| 136|0x000000071c600000, 0x000000071c800000, 0x000000071c800000|100%| E|CS|TAMS 0x000000071c600000| PB 0x000000071c600000| Complete |  0
| 137|0x000000071c800000, 0x000000071ca00000, 0x000000071ca00000|100%| E|CS|TAMS 0x000000071c800000| PB 0x000000071c800000| Complete |  0
| 138|0x000000071ca00000, 0x000000071cc00000, 0x000000071cc00000|100%| E|CS|TAMS 0x000000071ca00000| PB 0x000000071ca00000| Complete |  0
| 139|0x000000071cc00000, 0x000000071ce00000, 0x000000071ce00000|100%| E|CS|TAMS 0x000000071cc00000| PB 0x000000071cc00000| Complete |  0
| 140|0x000000071ce00000, 0x000000071d000000, 0x000000071d000000|100%| E|CS|TAMS 0x000000071ce00000| PB 0x000000071ce00000| Complete |  0
| 141|0x000000071d000000, 0x000000071d200000, 0x000000071d200000|100%| E|CS|TAMS 0x000000071d000000| PB 0x000000071d000000| Complete |  0
| 142|0x000000071d200000, 0x000000071d400000, 0x000000071d400000|100%| E|CS|TAMS 0x000000071d200000| PB 0x000000071d200000| Complete |  0
| 143|0x000000071d400000, 0x000000071d600000, 0x000000071d600000|100%| E|CS|TAMS 0x000000071d400000| PB 0x000000071d400000| Complete |  0
| 144|0x000000071d600000, 0x000000071d800000, 0x000000071d800000|100%| E|CS|TAMS 0x000000071d600000| PB 0x000000071d600000| Complete |  0
| 145|0x000000071d800000, 0x000000071da00000, 0x000000071da00000|100%| E|CS|TAMS 0x000000071d800000| PB 0x000000071d800000| Complete |  0
| 146|0x000000071da00000, 0x000000071dc00000, 0x000000071dc00000|100%| E|CS|TAMS 0x000000071da00000| PB 0x000000071da00000| Complete |  0
| 147|0x000000071dc00000, 0x000000071de00000, 0x000000071de00000|100%| E|CS|TAMS 0x000000071dc00000| PB 0x000000071dc00000| Complete |  0
| 148|0x000000071de00000, 0x000000071e000000, 0x000000071e000000|100%| E|CS|TAMS 0x000000071de00000| PB 0x000000071de00000| Complete |  0
| 149|0x000000071e000000, 0x000000071e200000, 0x000000071e200000|100%| E|CS|TAMS 0x000000071e000000| PB 0x000000071e000000| Complete |  0
| 150|0x000000071e200000, 0x000000071e400000, 0x000000071e400000|100%| E|CS|TAMS 0x000000071e200000| PB 0x000000071e200000| Complete |  0
| 151|0x000000071e400000, 0x000000071e600000, 0x000000071e600000|100%| E|CS|TAMS 0x000000071e400000| PB 0x000000071e400000| Complete |  0
| 155|0x000000071ec00000, 0x000000071ee00000, 0x000000071ee00000|100%| E|CS|TAMS 0x000000071ec00000| PB 0x000000071ec00000| Complete |  0
|1956|0x00000007ffe00000, 0x0000000800000000, 0x0000000800000000|100%| E|CS|TAMS 0x00000007ffe00000| PB 0x00000007ffe00000| Complete |  0

Card table byte_map: [0x00000218ea0c0000,0x00000218ea870000] _byte_map_base: 0x00000218e6865000

Marking Bits: (CMBitMap*) 0x00000218ddabe370
 Bits: [0x00000218ea870000, 0x00000218ee598000)

Polling page: 0x00000218db8e0000

Metaspace:
Metaspace        used 135284K, committed 147200K, reserved 1245184K
 class space     used 14684K, committed 18624K, reserved 1048576K

Usage:
  Non-class:    117.77 MB used.
      Class:     14.34 MB used.
       Both:    132.11 MB used.

Virtual space:
  Non-class space:      192.00 MB reserved,     125.56 MB ( 65%) committed,  3 nodes.
      Class space:        1.00 GB reserved,      18.19 MB (  2%) committed,  1 nodes.
             Both:        1.19 GB reserved,     143.75 MB ( 12%) committed. 

Chunk freelists:
   Non-Class:  73.30 MB
       Class:  17.05 MB
        Both:  90.34 MB

MaxMetaspaceSize: unlimited
CompressedClassSpaceSize: 1.00 GB
Initial GC threshold: 21.00 MB
Current GC threshold: 345.75 MB
CDS: on
 - commit_granule_bytes: 65536.
 - commit_granule_words: 8192.
 - virtual_space_node_default_size: 8388608.
 - enlarge_chunks_in_place: 1.
UseCompressedClassPointers 1, UseCompactObjectHeaders 0
Narrow klass pointer bits 32, Max shift 3
Narrow klass base: 0x0000000013000000, Narrow klass shift: 0
Encoding Range: [0x0000000013000000 - 0x0000000113000000), (4294967296 bytes)
Klass Range:    [0x0000000013010000 - 0x0000000054000000), (1090453504 bytes)
Klass ID Range:  [65536 - 1090519033) (1090453497)
Protection zone: [0x0000000013000000 - 0x0000000013010000), (65536 bytes)


Internal statistics:

num_allocs_failed_limit: 6.
num_arena_births: 9200.
num_arena_deaths: 7624.
num_vsnodes_births: 4.
num_vsnodes_deaths: 0.
num_space_committed: 3414.
num_space_uncommitted: 340.
num_chunks_returned_to_freelist: 13405.
num_chunks_taken_from_freelist: 20727.
num_chunk_merges: 5259.
num_chunk_splits: 12405.
num_chunks_enlarged: 7711.
num_inconsistent_stats: 0.

CodeCache: size=49152Kb used=13011Kb max_used=29220Kb free=36140Kb
 bounds [0x00000218e62b0000, 0x00000218e8190000, 0x00000218e92b0000]
 total_blobs=7751, nmethods=6847, adapters=822, full_count=0
Compilation: enabled, stopped_count=0, restarted_count=0

Compilation events (20 events):
Event: 3201.370 Thread 0x0000021882593cb0 nmethod 81926 0x00000218e7325988 code [0x00000218e7325a80, 0x00000218e7325bf8]
Event: 3201.370 Thread 0x0000021882593cb0 82001       1       com.sun.org.apache.xerces.internal.impl.XMLEntityManager::getPropertyDefault (36 bytes)
Event: 3201.371 Thread 0x0000021882593cb0 nmethod 82001 0x00000218e73df208 code [0x00000218e73df300, 0x00000218e73df480]
Event: 3201.371 Thread 0x0000021882593cb0 81928       1       com.sun.org.apache.xerces.internal.impl.XMLEntityScanner::scanQName (580 bytes)
Event: 3201.371 Thread 0x00000218f168bd20 nmethod 81895 0x00000218e6930308 code [0x00000218e6930420, 0x00000218e6931788]
Event: 3201.371 Thread 0x00000218f168bd20 81927       1       com.sun.org.apache.xerces.internal.util.SymbolTable::addSymbol (110 bytes)
Event: 3201.371 Thread 0x00000218f168bd20 nmethod 81927 0x00000218e73ded08 code [0x00000218e73dee00, 0x00000218e73df090]
Event: 3201.371 Thread 0x00000218f168bd20 81897       1       org.apache.poi.openxml4j.opc.PackagePartName::checkPCharCompliance (220 bytes)
Event: 3201.372 Thread 0x0000021882593cb0 nmethod 81928 0x00000218e6437208 code [0x00000218e6437300, 0x00000218e64380e0]
Event: 3201.372 Thread 0x0000021882593cb0 81971       1       com.sun.org.apache.xerces.internal.impl.XMLDocumentScannerImpl::getPropertyDefault (40 bytes)
Event: 3201.372 Thread 0x0000021882593cb0 nmethod 81971 0x00000218e7694008 code [0x00000218e7694100, 0x00000218e76942a8]
Event: 3201.372 Thread 0x0000021882593cb0 81936       1       com.sun.org.apache.xerces.internal.dom.DeepNodeListImpl::nextMatchingElementAfter (311 bytes)
Event: 3201.373 Thread 0x00000218f168bd20 nmethod 81897 0x00000218e67a2088 code [0x00000218e67a2180, 0x00000218e67a2ca0]
Event: 3201.373 Thread 0x00000218f168bd20 81942       1       java.lang.Enum::compareTo (44 bytes)
Event: 3201.373 Thread 0x00000218f168bd20 nmethod 81942 0x00000218e7693b08 code [0x00000218e7693c00, 0x00000218e7693e60]
Event: 3201.373 Thread 0x00000218f168bd20 82022       1       jdk.xml.internal.XMLSecurityManager::setLimit (51 bytes)
Event: 3201.373 Thread 0x00000218f168bd20 nmethod 82022 0x00000218e79b1608 code [0x00000218e79b1700, 0x00000218e79b1a50]
Event: 3201.373 Thread 0x00000218f168bd20 81901       1       java.lang.String::endsWith (15 bytes)
Event: 3201.389 Thread 0x0000021882593cb0 nmethod 81936 0x00000218e6c20f08 code [0x00000218e6c21000, 0x00000218e6c218e8]
Event: 3201.389 Thread 0x0000021882593cb0 81993       1       java.lang.String::compareTo (9 bytes)

GC Heap Usage History (20 events):
Event: 3155.409 {heap Before GC invocations=476 (full 9):
 garbage-first heap   total reserved 4007936K, committed 327680K, used 287442K [0x000000070b600000, 0x0000000800000000)
  region size 2048K, 96 young (196608K), 2 survivors (4096K)
}
Event: 3155.412 {heap After GC invocations=477 (full 9):
 garbage-first heap   total reserved 4007936K, committed 327680K, used 94000K [0x000000070b600000, 0x0000000800000000)
  region size 2048K, 1 young (2048K), 1 survivors (2048K)
}
Event: 3166.652 {heap Before GC invocations=478 (full 9):
 garbage-first heap   total reserved 4007936K, committed 321536K, used 284464K [0x000000070b600000, 0x0000000800000000)
  region size 2048K, 94 young (192512K), 1 survivors (2048K)
}
Event: 3166.660 {heap After GC invocations=479 (full 9):
 garbage-first heap   total reserved 4007936K, committed 321536K, used 97739K [0x000000070b600000, 0x0000000800000000)
  region size 2048K, 3 young (6144K), 3 survivors (6144K)
}
Event: 3169.290 {heap Before GC invocations=479 (full 9):
 garbage-first heap   total reserved 4007936K, committed 321536K, used 284107K [0x000000070b600000, 0x0000000800000000)
  region size 2048K, 94 young (192512K), 3 survivors (6144K)
}
Event: 3169.297 {heap After GC invocations=480 (full 9):
 garbage-first heap   total reserved 4007936K, committed 321536K, used 100367K [0x000000070b600000, 0x0000000800000000)
  region size 2048K, 5 young (10240K), 5 survivors (10240K)
}
Event: 3171.840 {heap Before GC invocations=480 (full 9):
 garbage-first heap   total reserved 4007936K, committed 321536K, used 282639K [0x000000070b600000, 0x0000000800000000)
  region size 2048K, 94 young (192512K), 5 survivors (10240K)
}
Event: 3171.847 {heap After GC invocations=481 (full 9):
 garbage-first heap   total reserved 4007936K, committed 321536K, used 99244K [0x000000070b600000, 0x0000000800000000)
  region size 2048K, 4 young (8192K), 4 survivors (8192K)
}
Event: 3175.037 {heap Before GC invocations=482 (full 9):
 garbage-first heap   total reserved 4007936K, committed 321536K, used 283564K [0x000000070b600000, 0x0000000800000000)
  region size 2048K, 94 young (192512K), 4 survivors (8192K)
}
Event: 3175.041 {heap After GC invocations=483 (full 9):
 garbage-first heap   total reserved 4007936K, committed 321536K, used 99113K [0x000000070b600000, 0x0000000800000000)
  region size 2048K, 4 young (8192K), 4 survivors (8192K)
}
Event: 3177.926 {heap Before GC invocations=483 (full 9):
 garbage-first heap   total reserved 4007936K, committed 321536K, used 283433K [0x000000070b600000, 0x0000000800000000)
  region size 2048K, 94 young (192512K), 4 survivors (8192K)
}
Event: 3177.930 {heap After GC invocations=484 (full 9):
 garbage-first heap   total reserved 4007936K, committed 321536K, used 97910K [0x000000070b600000, 0x0000000800000000)
  region size 2048K, 4 young (8192K), 4 survivors (8192K)
}
Event: 3181.007 {heap Before GC invocations=484 (full 9):
 garbage-first heap   total reserved 4007936K, committed 321536K, used 282230K [0x000000070b600000, 0x0000000800000000)
  region size 2048K, 94 young (192512K), 4 survivors (8192K)
}
Event: 3181.012 {heap After GC invocations=485 (full 9):
 garbage-first heap   total reserved 4007936K, committed 321536K, used 97830K [0x000000070b600000, 0x0000000800000000)
  region size 2048K, 4 young (8192K), 4 survivors (8192K)
}
Event: 3184.281 {heap Before GC invocations=486 (full 9):
 garbage-first heap   total reserved 4007936K, committed 321536K, used 282150K [0x000000070b600000, 0x0000000800000000)
  region size 2048K, 94 young (192512K), 4 survivors (8192K)
}
Event: 3184.284 {heap After GC invocations=487 (full 9):
 garbage-first heap   total reserved 4007936K, committed 321536K, used 98203K [0x000000070b600000, 0x0000000800000000)
  region size 2048K, 4 young (8192K), 4 survivors (8192K)
}
Event: 3187.465 {heap Before GC invocations=487 (full 9):
 garbage-first heap   total reserved 4007936K, committed 321536K, used 282523K [0x000000070b600000, 0x0000000800000000)
  region size 2048K, 94 young (192512K), 4 survivors (8192K)
}
Event: 3187.471 {heap After GC invocations=488 (full 9):
 garbage-first heap   total reserved 4007936K, committed 321536K, used 97090K [0x000000070b600000, 0x0000000800000000)
  region size 2048K, 4 young (8192K), 4 survivors (8192K)
}
Event: 3193.822 {heap Before GC invocations=488 (full 9):
 garbage-first heap   total reserved 4007936K, committed 321536K, used 281410K [0x000000070b600000, 0x0000000800000000)
  region size 2048K, 94 young (192512K), 4 survivors (8192K)
}
Event: 3193.825 {heap After GC invocations=489 (full 9):
 garbage-first heap   total reserved 4007936K, committed 321536K, used 92632K [0x000000070b600000, 0x0000000800000000)
  region size 2048K, 2 young (4096K), 2 survivors (4096K)
}

Metaspace Usage History (20 events):
Event: 3155.409 {metaspace Before GC invocations=476 (full 9):
 Metaspace       used 135264K, committed 147200K, reserved 1245184K
  class space    used 14678K, committed 18624K, reserved 1048576K
}
Event: 3155.412 {metaspace After GC invocations=477 (full 9):
 Metaspace       used 135264K, committed 147200K, reserved 1245184K
  class space    used 14678K, committed 18624K, reserved 1048576K
}
Event: 3166.652 {metaspace Before GC invocations=478 (full 9):
 Metaspace       used 135247K, committed 147200K, reserved 1245184K
  class space    used 14673K, committed 18624K, reserved 1048576K
}
Event: 3166.660 {metaspace After GC invocations=479 (full 9):
 Metaspace       used 135247K, committed 147200K, reserved 1245184K
  class space    used 14673K, committed 18624K, reserved 1048576K
}
Event: 3169.290 {metaspace Before GC invocations=479 (full 9):
 Metaspace       used 135247K, committed 147200K, reserved 1245184K
  class space    used 14673K, committed 18624K, reserved 1048576K
}
Event: 3169.297 {metaspace After GC invocations=480 (full 9):
 Metaspace       used 135247K, committed 147200K, reserved 1245184K
  class space    used 14673K, committed 18624K, reserved 1048576K
}
Event: 3171.840 {metaspace Before GC invocations=480 (full 9):
 Metaspace       used 135247K, committed 147200K, reserved 1245184K
  class space    used 14673K, committed 18624K, reserved 1048576K
}
Event: 3171.847 {metaspace After GC invocations=481 (full 9):
 Metaspace       used 135247K, committed 147200K, reserved 1245184K
  class space    used 14673K, committed 18624K, reserved 1048576K
}
Event: 3175.037 {metaspace Before GC invocations=482 (full 9):
 Metaspace       used 135247K, committed 147200K, reserved 1245184K
  class space    used 14673K, committed 18624K, reserved 1048576K
}
Event: 3175.041 {metaspace After GC invocations=483 (full 9):
 Metaspace       used 135247K, committed 147200K, reserved 1245184K
  class space    used 14673K, committed 18624K, reserved 1048576K
}
Event: 3177.926 {metaspace Before GC invocations=483 (full 9):
 Metaspace       used 135247K, committed 147200K, reserved 1245184K
  class space    used 14673K, committed 18624K, reserved 1048576K
}
Event: 3177.930 {metaspace After GC invocations=484 (full 9):
 Metaspace       used 135247K, committed 147200K, reserved 1245184K
  class space    used 14673K, committed 18624K, reserved 1048576K
}
Event: 3181.007 {metaspace Before GC invocations=484 (full 9):
 Metaspace       used 135247K, committed 147200K, reserved 1245184K
  class space    used 14673K, committed 18624K, reserved 1048576K
}
Event: 3181.012 {metaspace After GC invocations=485 (full 9):
 Metaspace       used 135247K, committed 147200K, reserved 1245184K
  class space    used 14673K, committed 18624K, reserved 1048576K
}
Event: 3184.281 {metaspace Before GC invocations=486 (full 9):
 Metaspace       used 135247K, committed 147200K, reserved 1245184K
  class space    used 14673K, committed 18624K, reserved 1048576K
}
Event: 3184.284 {metaspace After GC invocations=487 (full 9):
 Metaspace       used 135247K, committed 147200K, reserved 1245184K
  class space    used 14673K, committed 18624K, reserved 1048576K
}
Event: 3187.465 {metaspace Before GC invocations=487 (full 9):
 Metaspace       used 135247K, committed 147200K, reserved 1245184K
  class space    used 14673K, committed 18624K, reserved 1048576K
}
Event: 3187.471 {metaspace After GC invocations=488 (full 9):
 Metaspace       used 135247K, committed 147200K, reserved 1245184K
  class space    used 14673K, committed 18624K, reserved 1048576K
}
Event: 3193.822 {metaspace Before GC invocations=488 (full 9):
 Metaspace       used 135247K, committed 147200K, reserved 1245184K
  class space    used 14673K, committed 18624K, reserved 1048576K
}
Event: 3193.825 {metaspace After GC invocations=489 (full 9):
 Metaspace       used 135247K, committed 147200K, reserved 1245184K
  class space    used 14673K, committed 18624K, reserved 1048576K
}

Dll operation events (10 events):
Event: 0.013 Loaded shared library C:\Program Files\Java\jdk-25\bin\java.dll
Event: 0.110 Loaded shared library C:\Program Files\Java\jdk-25\bin\net.dll
Event: 0.112 Loaded shared library C:\Program Files\Java\jdk-25\bin\nio.dll
Event: 0.116 Loaded shared library C:\Program Files\Java\jdk-25\bin\zip.dll
Event: 0.243 Loaded shared library C:\Program Files\Java\jdk-25\bin\verify.dll
Event: 0.253 Loaded shared library C:\Program Files\Java\jdk-25\bin\jimage.dll
Event: 0.549 Loaded shared library C:\Program Files\Java\jdk-25\bin\management.dll
Event: 0.553 Loaded shared library C:\Program Files\Java\jdk-25\bin\management_ext.dll
Event: 1.604 Loaded shared library C:\Program Files\Java\jdk-25\bin\sunmscapi.dll
Event: 4.982 Loaded shared library C:\Program Files\Java\jdk-25\bin\extnet.dll

Deoptimization events (20 events):
Event: 5.529 Thread 0x00000218f68f0e40 DEOPT PACKING pc=0x00000218e68d7f66 sp=0x0000004ff73fa660
Event: 5.529 Thread 0x00000218f68f0e40 DEOPT UNPACKING pc=0x00000218e63012a2 sp=0x0000004ff73f9af0 mode 3
Event: 7.088 Thread 0x00000218f68f0e40 DEOPT PACKING pc=0x00000218e6e4a87c sp=0x0000004ff73f9a70
Event: 7.088 Thread 0x00000218f68f0e40 DEOPT UNPACKING pc=0x00000218e63012a2 sp=0x0000004ff73f8ef8 mode 0
Event: 8.507 Thread 0x00000218f68f0e40 DEOPT PACKING pc=0x00000218e68e11b4 sp=0x0000004ff73fbc60
Event: 8.507 Thread 0x00000218f68f0e40 DEOPT UNPACKING pc=0x00000218e63012a2 sp=0x0000004ff73fb1b8 mode 0
Event: 8.744 Thread 0x00000218f68f0e40 DEOPT PACKING pc=0x00000218e698eb92 sp=0x0000004ff73fc120
Event: 8.745 Thread 0x00000218f68f0e40 DEOPT UNPACKING pc=0x00000218e63012a2 sp=0x0000004ff73fb628 mode 3
Event: 8.745 Thread 0x00000218f68f0e40 DEOPT PACKING pc=0x00000218e698812a sp=0x0000004ff73fc0e0
Event: 8.745 Thread 0x00000218f68f0e40 DEOPT UNPACKING pc=0x00000218e63012a2 sp=0x0000004ff73fb628 mode 3
Event: 12.836 Thread 0x00000218f68f0e40 DEOPT PACKING pc=0x00000218e714c64c sp=0x0000004ff73fc8c0
Event: 12.836 Thread 0x00000218f68f0e40 DEOPT UNPACKING pc=0x00000218e63012a2 sp=0x0000004ff73fbde8 mode 0
Event: 12.897 Thread 0x00000218f68f0e40 DEOPT PACKING pc=0x00000218e714c64c sp=0x0000004ff73fde20
Event: 12.897 Thread 0x00000218f68f0e40 DEOPT UNPACKING pc=0x00000218e63012a2 sp=0x0000004ff73fd348 mode 0
Event: 14.989 Thread 0x00000218f68f0e40 DEOPT PACKING pc=0x00000218e75633bc sp=0x0000004ff73fbf60
Event: 14.989 Thread 0x00000218f68f0e40 DEOPT UNPACKING pc=0x00000218e63012a2 sp=0x0000004ff73fb3f0 mode 0
Event: 26.982 Thread 0x00000218f8d37250 DEOPT PACKING pc=0x00000218e6937d1e sp=0x0000004ff94f9c50
Event: 26.982 Thread 0x00000218f8d37250 DEOPT UNPACKING pc=0x00000218e63012a2 sp=0x0000004ff94f90b8 mode 0
Event: 1952.230 Thread 0x0000021883c0b010 DEOPT PACKING pc=0x00000218e7882908 sp=0x0000004ffa3fe030
Event: 1952.231 Thread 0x0000021883c0b010 DEOPT UNPACKING pc=0x00000218e63012a2 sp=0x0000004ffa3fd4b8 mode 3

Classes loaded (20 events):
Event: 1290.009 Loading class sun/nio/ch/IOVecWrapper$1
Event: 1290.010 Loading class sun/nio/ch/IOVecWrapper$1 done
Event: 1290.010 Loading class sun/nio/ch/AllocatedNativeObject
Event: 1290.010 Loading class sun/nio/ch/NativeObject
Event: 1290.012 Loading class sun/nio/ch/NativeObject done
Event: 1290.012 Loading class sun/nio/ch/AllocatedNativeObject done
Event: 1290.073 Loading class java/util/concurrent/LinkedBlockingQueue$Itr
Event: 1290.074 Loading class java/util/concurrent/LinkedBlockingQueue$Itr done
Event: 1295.991 Loading class java/util/function/ObjLongConsumer
Event: 1295.991 Loading class java/util/function/ObjLongConsumer done
Event: 1295.993 Loading class java/util/stream/ReduceOps$12
Event: 1295.994 Loading class java/util/stream/ReduceOps$12 done
Event: 1295.994 Loading class java/util/stream/ReduceOps$10ReducingSink
Event: 1295.995 Loading class java/util/stream/ReduceOps$10ReducingSink done
Event: 1729.121 Loading class java/net/InetAddressEditor
Event: 1729.123 Loading class java/net/InetAddressEditor done
Event: 1729.123 Loading class java/net/InetAddressEditor
Event: 1729.123 Loading class java/net/InetAddressEditor done
Event: 1732.696 Loading class java/time/DurationEditor
Event: 1732.697 Loading class java/time/DurationEditor done

Classes unloaded (20 events):
Event: 3116.832 Thread 0x00000218f0a22710 Unloading class 0x0000000014dde400 'java/lang/invoke/LambdaForm$MH+0x0000000014dde400'
Event: 3116.832 Thread 0x00000218f0a22710 Unloading class 0x0000000014dcbc00 'java/lang/invoke/LambdaForm$MH+0x0000000014dcbc00'
Event: 3116.832 Thread 0x00000218f0a22710 Unloading class 0x000000001431c800 'java/lang/invoke/LambdaForm$MH+0x000000001431c800'
Event: 3116.832 Thread 0x00000218f0a22710 Unloading class 0x0000000014325c00 'java/lang/invoke/LambdaForm$MH+0x0000000014325c00'
Event: 3116.832 Thread 0x00000218f0a22710 Unloading class 0x000000001433c400 'java/lang/invoke/LambdaForm$MH+0x000000001433c400'
Event: 3116.832 Thread 0x00000218f0a22710 Unloading class 0x000000001557b000 'java/lang/invoke/LambdaForm$MH+0x000000001557b000'
Event: 3116.832 Thread 0x00000218f0a22710 Unloading class 0x0000000015558800 'java/lang/invoke/LambdaForm$MH+0x0000000015558800'
Event: 3116.832 Thread 0x00000218f0a22710 Unloading class 0x0000000015622400 'java/lang/invoke/LambdaForm$MH+0x0000000015622400'
Event: 3116.832 Thread 0x00000218f0a22710 Unloading class 0x0000000015212400 'java/lang/invoke/LambdaForm$MH+0x0000000015212400'
Event: 3116.832 Thread 0x00000218f0a22710 Unloading class 0x0000000014eb5c00 'java/lang/invoke/LambdaForm$BMH+0x0000000014eb5c00'
Event: 3155.469 Thread 0x00000218f0a22710 Unloading class 0x0000000014d19800 'java/lang/invoke/LambdaForm$MH+0x0000000014d19800'
Event: 3155.469 Thread 0x00000218f0a22710 Unloading class 0x0000000014eb0800 'com/sms/StudentManagementApplication'
Event: 3155.469 Thread 0x00000218f0a22710 Unloading class 0x0000000014ea4000 'com/sms/StudentManagementApplication'
Event: 3155.469 Thread 0x00000218f0a22710 Unloading class 0x0000000014eb5000 'com/sms/StudentManagementApplication'
Event: 3155.469 Thread 0x00000218f0a22710 Unloading class 0x0000000014f34800 'com/sms/StudentManagementApplication'
Event: 3155.469 Thread 0x00000218f0a22710 Unloading class 0x0000000014e8a400 'java/lang/invoke/LambdaForm$MH+0x0000000014e8a400'
Event: 3155.469 Thread 0x00000218f0a22710 Unloading class 0x0000000014d5a400 'java/lang/invoke/LambdaForm$MH+0x0000000014d5a400'
Event: 3155.469 Thread 0x00000218f0a22710 Unloading class 0x0000000014d43000 'java/lang/invoke/LambdaForm$MH+0x0000000014d43000'
Event: 3155.469 Thread 0x00000218f0a22710 Unloading class 0x0000000014d75c00 'java/lang/invoke/LambdaForm$MH+0x0000000014d75c00'
Event: 3155.470 Thread 0x00000218f0a22710 Unloading class 0x0000000014902800 'java/lang/invoke/LambdaForm$MH+0x0000000014902800'

Classes redefined (0 events):
No events

Internal exceptions (20 events):
Event: 3097.861 Thread 0x0000021883c0c780 Exception <a 'java/net/ConnectException'{0x00000007190e8ab8}: Connection refused: getsockopt> (0x00000007190e8ab8) 
thrown [s\open\src\hotspot\share\prims\jni.cpp, line 534]
Event: 3103.866 Thread 0x00000218837d0b10 Exception <a 'java/net/ConnectException'{0x00000007fff83d90}: Connection refused: getsockopt> (0x00000007fff83d90) 
thrown [s\open\src\hotspot\share\prims\jni.cpp, line 534]
Event: 3109.871 Thread 0x000002188311fed0 Exception <a 'java/net/ConnectException'{0x0000000719a40320}: Connection refused: getsockopt> (0x0000000719a40320) 
thrown [s\open\src\hotspot\share\prims\jni.cpp, line 534]
Event: 3115.873 Thread 0x0000021882b287e0 Exception <a 'java/net/ConnectException'{0x000000071422d0d0}: Connection refused: getsockopt> (0x000000071422d0d0) 
thrown [s\open\src\hotspot\share\prims\jni.cpp, line 534]
Event: 3121.879 Thread 0x0000021888465690 Exception <a 'java/net/ConnectException'{0x000000071a88b8d8}: Connection refused: getsockopt> (0x000000071a88b8d8) 
thrown [s\open\src\hotspot\share\prims\jni.cpp, line 534]
Event: 3127.908 Thread 0x000002188870f980 Exception <a 'java/net/ConnectException'{0x0000000715514918}: Connection refused: getsockopt> (0x0000000715514918) 
thrown [s\open\src\hotspot\share\prims\jni.cpp, line 534]
Event: 3133.914 Thread 0x0000021883777a00 Exception <a 'java/net/ConnectException'{0x000000071b666db8}: Connection refused: getsockopt> (0x000000071b666db8) 
thrown [s\open\src\hotspot\share\prims\jni.cpp, line 534]
Event: 3139.917 Thread 0x0000021883ba2630 Exception <a 'java/net/ConnectException'{0x0000000715ff8468}: Connection refused: getsockopt> (0x0000000715ff8468) 
thrown [s\open\src\hotspot\share\prims\jni.cpp, line 534]
Event: 3145.923 Thread 0x0000021888535780 Exception <a 'java/net/ConnectException'{0x000000071c2ea970}: Connection refused: getsockopt> (0x000000071c2ea970) 
thrown [s\open\src\hotspot\share\prims\jni.cpp, line 534]
Event: 3151.926 Thread 0x0000021883c0d720 Exception <a 'java/net/ConnectException'{0x0000000716ce9e28}: Connection refused: getsockopt> (0x0000000716ce9e28) 
thrown [s\open\src\hotspot\share\prims\jni.cpp, line 534]
Event: 3157.931 Thread 0x000002188371e8e0 Exception <a 'java/net/ConnectException'{0x000000071c87a000}: Connection refused: getsockopt> (0x000000071c87a000) 
thrown [s\open\src\hotspot\share\prims\jni.cpp, line 534]
Event: 3163.934 Thread 0x00000218837d0340 Exception <a 'java/net/ConnectException'{0x0000000717219cc8}: Connection refused: getsockopt> (0x0000000717219cc8) 
thrown [s\open\src\hotspot\share\prims\jni.cpp, line 534]
Event: 3169.947 Thread 0x000002188813dfd0 Exception <a 'java/net/ConnectException'{0x000000071ba00ee8}: Connection refused: getsockopt> (0x000000071ba00ee8) 
thrown [s\open\src\hotspot\share\prims\jni.cpp, line 534]
Event: 3175.959 Thread 0x000002188345d9f0 Exception <a 'java/net/ConnectException'{0x000000071b45d698}: Connection refused: getsockopt> (0x000000071b45d698) 
thrown [s\open\src\hotspot\share\prims\jni.cpp, line 534]
Event: 3181.965 Thread 0x000002188371f0b0 Exception <a 'java/net/ConnectException'{0x000000071bf485a8}: Connection refused: getsockopt> (0x000000071bf485a8) 
thrown [s\open\src\hotspot\share\prims\jni.cpp, line 534]
Event: 3187.973 Thread 0x00000218887348c0 Exception <a 'java/net/ConnectException'{0x000000071d06c890}: Connection refused: getsockopt> (0x000000071d06c890) 
thrown [s\open\src\hotspot\share\prims\jni.cpp, line 534]
Event: 3193.984 Thread 0x0000021883c0c780 Exception <a 'java/net/ConnectException'{0x000000071e46e410}: Connection refused: getsockopt> (0x000000071e46e410) 
thrown [s\open\src\hotspot\share\prims\jni.cpp, line 534]
Event: 3194.988 Thread 0x0000021883a07220 Exception <a 'java/lang/NoSuchMethodError'{0x000000071d50be50}: 'long java.lang.invoke.DelegatingMethodHandle$Holder.reinvoke_L(java.lang.Object, java.lang.Object)'> (0x000000071d50be50) 
thrown [s\open\src\hotspot\share\interpreter\linkResolver.cpp, line 804]
Event: 3199.307 Thread 0x0000021883a05ab0 Exception <a 'sun/nio/fs/WindowsException'{0x000000071945f648}> (0x000000071945f648) 
thrown [s\open\src\hotspot\share\prims\jni.cpp, line 516]
Event: 3199.990 Thread 0x00000218837d0b10 Exception <a 'java/net/ConnectException'{0x0000000718df9738}: Connection refused: getsockopt> (0x0000000718df9738) 
thrown [s\open\src\hotspot\share\prims\jni.cpp, line 534]

VM Operations (20 events):
Event: 3181.007 Executing safepoint VM operation: G1CollectForAllocation (G1 Evacuation Pause)
Event: 3181.012 Executing safepoint VM operation: G1CollectForAllocation (G1 Evacuation Pause) done
Event: 3181.110 Executing safepoint VM operation: G1PauseRemark
Event: 3181.156 Executing safepoint VM operation: G1PauseRemark done
Event: 3181.190 Executing safepoint VM operation: G1PauseCleanup
Event: 3181.191 Executing safepoint VM operation: G1PauseCleanup done
Event: 3184.281 Executing safepoint VM operation: G1CollectForAllocation (G1 Evacuation Pause)
Event: 3184.284 Executing safepoint VM operation: G1CollectForAllocation (G1 Evacuation Pause) done
Event: 3187.465 Executing safepoint VM operation: G1CollectForAllocation (G1 Evacuation Pause)
Event: 3187.471 Executing safepoint VM operation: G1CollectForAllocation (G1 Evacuation Pause) done
Event: 3187.523 Executing non-safepoint VM operation: HandshakeAllThreads (HandshakeForDeflation)
Event: 3187.523 Executing non-safepoint VM operation: HandshakeAllThreads (HandshakeForDeflation) done
Event: 3187.523 Executing non-safepoint VM operation: RendezvousGCThreads
Event: 3187.523 Executing non-safepoint VM operation: RendezvousGCThreads done
Event: 3193.822 Executing safepoint VM operation: G1CollectForAllocation (G1 Evacuation Pause)
Event: 3193.825 Executing safepoint VM operation: G1CollectForAllocation (G1 Evacuation Pause) done
Event: 3193.900 Executing safepoint VM operation: G1PauseRemark
Event: 3193.902 Executing safepoint VM operation: G1PauseRemark done
Event: 3193.932 Executing safepoint VM operation: G1PauseCleanup
Event: 3193.932 Executing safepoint VM operation: G1PauseCleanup done

Memory protections (0 events):
No events

Nmethod flushes (20 events):
Event: 3181.151 Thread 0x00000218f0a22710 flushing  nmethod 0x00000218e788f788
Event: 3181.151 Thread 0x00000218f0a22710 flushing  nmethod 0x00000218e788fe88
Event: 3181.151 Thread 0x00000218f0a22710 flushing  nmethod 0x00000218e794a908
Event: 3181.151 Thread 0x00000218f0a22710 flushing  nmethod 0x00000218e798a208
Event: 3181.151 Thread 0x00000218f0a22710 flushing  nmethod 0x00000218e798a508
Event: 3181.151 Thread 0x00000218f0a22710 flushing  nmethod 0x00000218e798aa88
Event: 3181.151 Thread 0x00000218f0a22710 flushing  nmethod 0x00000218e798ae08
Event: 3181.151 Thread 0x00000218f0a22710 flushing  nmethod 0x00000218e798b408
Event: 3181.151 Thread 0x00000218f0a22710 flushing  nmethod 0x00000218e798b708
Event: 3181.151 Thread 0x00000218f0a22710 flushing  nmethod 0x00000218e798ba08
Event: 3181.151 Thread 0x00000218f0a22710 flushing  nmethod 0x00000218e7a51b88
Event: 3181.151 Thread 0x00000218f0a22710 flushing  nmethod 0x00000218e7a52008
Event: 3181.151 Thread 0x00000218f0a22710 flushing  nmethod 0x00000218e7a66888
Event: 3181.151 Thread 0x00000218f0a22710 flushing  nmethod 0x00000218e7a75488
Event: 3181.151 Thread 0x00000218f0a22710 flushing  nmethod 0x00000218e7bff308
Event: 3181.151 Thread 0x00000218f0a22710 flushing  nmethod 0x00000218e7bff988
Event: 3181.151 Thread 0x00000218f0a22710 flushing  nmethod 0x00000218e7c00108
Event: 3181.152 Thread 0x00000218f0a22710 flushing  nmethod 0x00000218e7f34c88
Event: 3181.152 Thread 0x00000218f0a22710 flushing  nmethod 0x00000218e7f35008
Event: 3181.152 Thread 0x00000218f0a22710 flushing  nmethod 0x00000218e7f4db08

Events (20 events):
Event: 3100.480 Thread 0x00000218f6589c80 Thread exited: 0x00000218f6589c80
Event: 3100.480 Thread 0x000002188879fc90 Thread exited: 0x000002188879fc90
Event: 3166.181 Thread 0x00000218f0a44ea0 Thread added: 0x0000021883497220
Event: 3166.302 Thread 0x00000218f0a44ea0 Thread added: 0x000002188375b240
Event: 3169.948 Thread 0x000002188375b240 Thread exited: 0x000002188375b240
Event: 3170.450 Thread 0x0000021883497220 Thread exited: 0x0000021883497220
Event: 3170.455 Thread 0x00000218f0a44ea0 Thread added: 0x0000021883496200
Event: 3170.455 Thread 0x00000218f0a44ea0 Thread added: 0x00000218834951e0
Event: 3171.043 Thread 0x00000218834951e0 Thread added: 0x0000021882593cb0
Event: 3176.513 Thread 0x0000021882593cb0 Thread exited: 0x0000021882593cb0
Event: 3176.513 Thread 0x00000218834951e0 Thread exited: 0x00000218834951e0
Event: 3176.514 Thread 0x0000021883496200 Thread exited: 0x0000021883496200
Event: 3189.559 Thread 0x00000218f0a44ea0 Thread added: 0x0000021882afc7a0
Event: 3189.559 Thread 0x00000218f0a44ea0 Thread added: 0x0000021882af9f50
Event: 3189.559 Thread 0x00000218f0a44ea0 Thread added: 0x0000021882afa760
Event: 3189.560 Thread 0x00000218f0a44ea0 Thread added: 0x0000021882af9740
Event: 3199.255 Thread 0x0000021882af9740 Thread exited: 0x0000021882af9740
Event: 3199.256 Thread 0x0000021882afa760 Thread exited: 0x0000021882afa760
Event: 3199.266 Thread 0x0000021882afc7a0 Thread added: 0x00000218f168bd20
Event: 3199.266 Thread 0x0000021882af9f50 Thread added: 0x0000021882593cb0


Dynamic libraries:
0x00007ff6a9e60000 - 0x00007ff6a9e70000 	C:\Program Files\Java\jdk-25\bin\java.exe
0x00007ffc2e9c0000 - 0x00007ffc2ec27000 	C:\windows\SYSTEM32\ntdll.dll
0x00007ffc2dba0000 - 0x00007ffc2dc69000 	C:\windows\System32\KERNEL32.DLL
0x00007ffc2b340000 - 0x00007ffc2b734000 	C:\windows\System32\KERNELBASE.dll
0x00007ffc2c450000 - 0x00007ffc2c59b000 	C:\windows\System32\ucrtbase.dll
0x00007ffbae3f0000 - 0x00007ffbae407000 	C:\Program Files\Java\jdk-25\bin\jli.dll
0x00007ffc156c0000 - 0x00007ffc156de000 	C:\Program Files\Java\jdk-25\bin\VCRUNTIME140.dll
0x00007ffc2cf10000 - 0x00007ffc2d0d5000 	C:\windows\System32\USER32.dll
0x00007ffc2c720000 - 0x00007ffc2c747000 	C:\windows\System32\win32u.dll
0x00007ffc14ef0000 - 0x00007ffc15183000 	C:\windows\WinSxS\amd64_microsoft.windows.common-controls_6595b64144ccf1df_6.0.26100.8115_none_3e075c82e3354f9c\COMCTL32.dll
0x00007ffc2e870000 - 0x00007ffc2e919000 	C:\windows\System32\msvcrt.dll
0x00007ffc2d740000 - 0x00007ffc2d76b000 	C:\windows\System32\GDI32.dll
0x00007ffc2b740000 - 0x00007ffc2b86b000 	C:\windows\System32\gdi32full.dll
0x00007ffc2b290000 - 0x00007ffc2b333000 	C:\windows\System32\msvcp_win.dll
0x00007ffc2c850000 - 0x00007ffc2c882000 	C:\windows\System32\IMM32.DLL
0x00007ffc24ca0000 - 0x00007ffc24cac000 	C:\Program Files\Java\jdk-25\bin\vcruntime140_1.dll
0x00007ffbaf130000 - 0x00007ffbaf1bd000 	C:\Program Files\Java\jdk-25\bin\msvcp140.dll
0x00007ffbaae20000 - 0x00007ffbabc7f000 	C:\Program Files\Java\jdk-25\bin\server\jvm.dll
0x00007ffc2d950000 - 0x00007ffc2da06000 	C:\windows\System32\ADVAPI32.dll
0x00007ffc2cab0000 - 0x00007ffc2cb57000 	C:\windows\System32\sechost.dll
0x00007ffc2d4f0000 - 0x00007ffc2d608000 	C:\windows\System32\RPCRT4.dll
0x00007ffc2db10000 - 0x00007ffc2db90000 	C:\windows\System32\WS2_32.dll
0x00007ffc29e90000 - 0x00007ffc29eee000 	C:\windows\SYSTEM32\POWRPROF.dll
0x00007ffc21ff0000 - 0x00007ffc22026000 	C:\windows\SYSTEM32\WINMM.dll
0x00007ffc23ff0000 - 0x00007ffc23ffb000 	C:\windows\SYSTEM32\VERSION.dll
0x00007ffc29e70000 - 0x00007ffc29e84000 	C:\windows\SYSTEM32\UMPDC.dll
0x00007ffc2a140000 - 0x00007ffc2a15b000 	C:\windows\SYSTEM32\kernel.appcore.dll
0x00007ffc249b0000 - 0x00007ffc249ba000 	C:\Program Files\Java\jdk-25\bin\jimage.dll
0x00007ffc229d0000 - 0x00007ffc22c12000 	C:\windows\SYSTEM32\DBGHELP.DLL
0x00007ffc2d0f0000 - 0x00007ffc2d472000 	C:\windows\System32\combase.dll
0x00007ffc2cb60000 - 0x00007ffc2cc38000 	C:\windows\System32\OLEAUT32.dll
0x00007ffc0b390000 - 0x00007ffc0b3cb000 	C:\windows\SYSTEM32\dbgcore.DLL
0x00007ffc2b870000 - 0x00007ffc2b915000 	C:\windows\System32\bcryptPrimitives.dll
0x00007ffc04b00000 - 0x00007ffc04b1f000 	C:\Program Files\Java\jdk-25\bin\java.dll
0x00007ffc2cd40000 - 0x00007ffc2ced7000 	C:\windows\System32\ole32.dll
0x00007ffc2dc70000 - 0x00007ffc2e3d7000 	C:\windows\System32\SHELL32.dll
0x00007ffc2b9e0000 - 0x00007ffc2bb4a000 	C:\windows\System32\wintypes.dll
0x00007ffc2bbe0000 - 0x00007ffc2c448000 	C:\windows\System32\windows.storage.dll
0x00007ffc2da10000 - 0x00007ffc2db08000 	C:\windows\System32\SHCORE.dll
0x00007ffc2d480000 - 0x00007ffc2d4e6000 	C:\windows\System32\shlwapi.dll
0x00007ffc2b1b0000 - 0x00007ffc2b1d9000 	C:\windows\SYSTEM32\profapi.dll
0x00007ffbf7440000 - 0x00007ffbf7452000 	C:\Program Files\Java\jdk-25\bin\net.dll
0x00007ffc2a6b0000 - 0x00007ffc2a71c000 	C:\windows\system32\mswsock.dll
0x00007ffbd81b0000 - 0x00007ffbd81c6000 	C:\Program Files\Java\jdk-25\bin\nio.dll
0x00007ffbd8190000 - 0x00007ffbd81a7000 	C:\Program Files\Java\jdk-25\bin\zip.dll
0x00007ffc1b330000 - 0x00007ffc1b340000 	C:\Program Files\Java\jdk-25\bin\verify.dll
0x00007ffbcfcf0000 - 0x00007ffbcfcfa000 	C:\Program Files\Java\jdk-25\bin\management.dll
0x00007ffbcfc90000 - 0x00007ffbcfc9c000 	C:\Program Files\Java\jdk-25\bin\management_ext.dll
0x00007ffc2caa0000 - 0x00007ffc2caa8000 	C:\windows\System32\PSAPI.DLL
0x00007ffbd1050000 - 0x00007ffbd105e000 	C:\Program Files\Java\jdk-25\bin\sunmscapi.dll
0x00007ffc2c5a0000 - 0x00007ffc2c717000 	C:\windows\System32\CRYPT32.dll
0x00007ffc2abb0000 - 0x00007ffc2abe0000 	C:\windows\SYSTEM32\ncrypt.dll
0x00007ffc2ab60000 - 0x00007ffc2ab9f000 	C:\windows\SYSTEM32\NTASN1.dll
0x00007ffc2a990000 - 0x00007ffc2a9ab000 	C:\windows\SYSTEM32\CRYPTSP.dll
0x00007ffc2a0a0000 - 0x00007ffc2a0d9000 	C:\windows\system32\rsaenh.dll
0x00007ffc2a760000 - 0x00007ffc2a793000 	C:\windows\SYSTEM32\USERENV.dll
0x00007ffc2b180000 - 0x00007ffc2b1aa000 	C:\windows\SYSTEM32\bcrypt.dll
0x00007ffc2a9b0000 - 0x00007ffc2a9bc000 	C:\windows\SYSTEM32\CRYPTBASE.dll
0x00007ffc29ae0000 - 0x00007ffc29b12000 	C:\windows\SYSTEM32\IPHLPAPI.DLL
0x00007ffc2e920000 - 0x00007ffc2e92a000 	C:\windows\System32\NSI.dll
0x00007ffc29b80000 - 0x00007ffc29cb2000 	C:\windows\SYSTEM32\DNSAPI.dll
0x00007ffc253b0000 - 0x00007ffc253bb000 	C:\Windows\System32\rasadhlp.dll
0x00007ffc28530000 - 0x00007ffc285b6000 	C:\windows\System32\fwpuclnt.dll
0x00007ffc1a1d0000 - 0x00007ffc1a1d9000 	C:\Program Files\Java\jdk-25\bin\extnet.dll
0x00007ffb7cec0000 - 0x00007ffb7cec8000 	C:\windows\system32\wshunix.dll

JVMTI agents: none

dbghelp: loaded successfully - version: 4.0.5 - missing functions: none
symbol engine: initialized successfully - sym options: 0x614 - pdb path: .;C:\Program Files\Java\jdk-25\bin;C:\windows\SYSTEM32;C:\windows\WinSxS\amd64_microsoft.windows.common-controls_6595b64144ccf1df_6.0.26100.8115_none_3e075c82e3354f9c;C:\Program Files\Java\jdk-25\bin\server

VM Arguments:
jvm_args: -XX:TieredStopAtLevel=1 
java_command: com.sms.StudentManagementApplication
java_class_path (initial): F:\Coding\studentmanagement\target\classes;C:\Users\Bhavya jain\.m2\repository\ch\qos\logback\logback-classic\1.4.14\logback-classic-1.4.14.jar;C:\Users\Bhavya jain\.m2\repository\ch\qos\logback\logback-core\1.4.14\logback-core-1.4.14.jar;C:\Users\Bhavya jain\.m2\repository\org\apache\logging\log4j\log4j-to-slf4j\2.21.1\log4j-to-slf4j-2.21.1.jar;C:\Users\Bhavya jain\.m2\repository\org\slf4j\jul-to-slf4j\2.0.12\jul-to-slf4j-2.0.12.jar;C:\Users\Bhavya jain\.m2\repository\jakarta\annotation\jakarta.annotation-api\2.1.1\jakarta.annotation-api-2.1.1.jar;C:\Users\Bhavya jain\.m2\repository\org\yaml\snakeyaml\2.2\snakeyaml-2.2.jar;C:\Users\Bhavya jain\.m2\repository\com\fasterxml\jackson\datatype\jackson-datatype-jdk8\2.15.4\jackson-datatype-jdk8-2.15.4.jar;C:\Users\Bhavya jain\.m2\repository\com\fasterxml\jackson\datatype\jackson-datatype-jsr310\2.15.4\jackson-datatype-jsr310-2.15.4.jar;C:\Users\Bhavya jain\.m2\repository\com\fasterxml\jackson\module\jackson-module-parameter-names\2.15.4\jackson-module-parameter-names-2.15.4.jar;C:\Users\Bhavya jain\.m2\repository\org\apache\tomcat\embed\tomcat-embed-core\10.1.19\tomcat-embed-core-10.1.19.jar;C:\Users\Bhavya jain\.m2\repository\org\apache\tomcat\embed\tomcat-embed-websocket\10.1.19\tomcat-embed-websocket-10.1.19.jar;C:\Users\Bhavya jain\.m2\repository\org\springframework\spring-web\6.1.5\spring-web-6.1.5.jar;C:\Users\Bhavya jain\.m2\repository\org\springframework\spring-beans\6.1.5\spring-beans-6.1.5.jar;C:\Users\Bhavya jain\.m2\repository\io\micrometer\micrometer-observation\1.12.4\micrometer-observation-1.12.4.jar;C:\Users\Bhavya jain\.m2\repository\io\micrometer\micrometer-commons\1.12.4\micrometer-commons-1.12.4.jar;C:\Users\Bhavya jain\.m2\repository\org\springframework\spring-webmvc\6.1.5\spring-webmvc-6.1.5.jar;C:\Users\Bhavya jain\.m2\repository\org\springframework\spring-context\6.1.5\spring-context-6.1.5.jar;C:\Users\Bhavya jain\.m2\repository\org\springframework\spring-expression\6.1.5\spring-expression-6.1.5.jar;C:\Users\Bhavya jain\.m2\repository\org\apache\tomcat\embed\tomcat-embed-el\10.1.19\tomcat-embed-el-10.1.19.jar;C:\Users\Bhavya jain\.m2\repository\org\hibernate\validator\hibernate-validator\8.0.1.Final\hibernate-validator-8.0.1.Final.jar;C:\Users\Bhavya jain\.m2\repository\org\jboss\logging\jboss-logging\3.5.3.Final\jboss-logging-3.5.3.Final.jar;C:\Users\Bhavya jain\.m2\repository\com\fasterxml\classmate\1.6.0\classmate-1.6.0.jar;C:\Users\Bhavya jain\.m2\repository\org\thymeleaf\thymeleaf-spring6\3.1.2.RELEASE\thymeleaf-spring6-3.1.2.RELEASE.jar;C:\Users\Bhavya jain\.m2\repository\org\thymeleaf\thymeleaf\3.1.2.RELEASE\thymeleaf-3.1.2.RELEASE.jar;C:\Users\Bhavya jain\.m2\repository\org\attoparser\attoparser\2.0.7.RELEASE\attoparser-2.0.7.RELEASE.jar;C:\Users\Bhavya jain\.m2\repository\org\unbescape\unbescape\1.1.6.RELEASE\unbescape-1.1.6.RELEASE.jar;C:\Users\Bhavya jain\.m2\repository\org\thymeleaf\extras\thymeleaf-extras-springsecurity6\3.1.2.RELEASE\thymeleaf-extras-springsecurity6-3.1.2.RELEASE.jar;C:\Users\Bhavya jain\.m2\repository\org\slf4j\slf4j-api\2.0.12\slf4j-api-2.0.12.jar;C:\Users\Bhavya jain\.m2\repository\org\springframework\spring-aop\6.1.5\spring-aop-6.1.5.jar;C:\Users\Bhavya jain\.m2\repository\org\springframework\security\spring-security-config\6.2.3\spring-security-config-6.2.3.jar;C:\Users\Bhavya jain\.m2\repository\org\springframework\security\spring-security-web\6.2.3\spring-security-web-6.2.3.jar;C:\Users\Bhavya jain\.m2\repository\org\springframework\spring-messaging\6.1.5\spring-messaging-6.1.5.jar;C:\Users\Bhavya jain\.m2\repository\org\springframework\spring-websocket\6.1.5\spring-websocket-6.1.5.jar;C:\Users\Bhavya jain\.m2\repository\org\aspectj\aspectjweaver\1.9.21\aspectjweaver-1.9.21.jar;C:\Users\Bhavya jain\.m2\repository\org\hibernate\orm\hibernate-core\6.4.4.Final\hibernate-core-6.4.4.Final.jar;C:\Users\Bhavya jain\.m2\repository\jakarta\transaction\jakarta.transaction-api\2.0.1\jakarta.transaction-api-2.0.1.jar;C:\Users\Bhavya jain\.m2\repository\org\hibernate\common\hibernate-commons-annotations\6.0.6.Final\hibernate-commons-annotations-6.0.6.Final.jar;C:\Users\Bhavya jain\.m2\repository\io\smallrye\jandex\3.1.2\jandex-3.1.2.jar;C:\Users\Bhavya jain\.m2\repository\net\bytebuddy\byte-buddy\1.14.12\byte-buddy-1.14.12.jar;C:\Users\Bhavya jain\.m2\repository\org\glassfish\jaxb\jaxb-runtime\4.0.5\jaxb-runtime-4.0.5.jar;C:\Users\Bhavya jain\.m2\repository\org\glassfish\jaxb\jaxb-core\4.0.5\jaxb-core-4.0.5.jar;C:\Users\Bhavya jain\.m2\repository\org\glassfish\jaxb\txw2\4.0.5\txw2-4.0.5.jar;C:\Users\Bhavya jain\.m2\repository\com\sun\istack\istack-commons-runtime\4.1.2\istack-commons-runtime-4.1.2.jar;C:\Users\Bhavya jain\.m2\repository\jakarta\inject\jakarta.inject-api\2.0.1\jakarta.inject-api-2.0.1.jar;C:\Users\Bhavya jain\.m2\repository\org\antlr\antlr4-runtime\4.13.0\antlr4-runtime-4.13.0.jar;C:\Users\Bhavya jain\.m2\repository\org\springframework\data\spring-data-jpa\3.2.4\spring-data-jpa-3.2.4.jar;C:\Users\Bhavya jain\.m2\repository\org\springframework\data\spring-data-commons\3.2.4\spring-data-commons-3.2.4.jar;C:\Users\Bhavya jain\.m2\repository\org\springframework\spring-orm\6.1.5\spring-orm-6.1.5.jar;C:\Users\Bhavya jain\.m2\repository\org\springframework\spring-tx\6.1.5\spring-tx-6.1.5.jar;C:\Users\Bhavya jain\.m2\repository\org\springframework\spring-aspects\6.1.5\spring-aspects-6.1.5.jar;C:\Users\Bhavya jain\.m2\repository\com\zaxxer\HikariCP\5.0.1\HikariCP-5.0.1.jar;C:\Users\Bhavya jain\.m2\repository\org\springframework\spring-jdbc\6.1.5\spring-jdbc-6.1.5.jar;C:\Users\Bhavya jain\.m2\repository\org\springframework\spring-context-support\6.1.5\spring-context-support-6.1.5.jar;C:\Users\Bhavya jain\.m2\repository\io\lettuce\lettuce-core\6.3.2.RELEASE\lettuce-core-6.3.2.RELEASE.jar;C:\Users\Bhavya jain\.m2\repository\io\netty\netty-common\4.1.107.Final\netty-common-4.1.107.Final.jar;C:\Users\Bhavya jain\.m2\repository\io\netty\netty-handler\4.1.107.Final\netty-handler-4.1.107.Final.jar;C:\Users\Bhavya jain\.m2\repository\io\netty\netty-resolver\4.1.107.Final\netty-resolver-4.1.107.Final.jar;C:\Users\Bhavya jain\.m2\repository\io\netty\netty-buffer\4.1.107.Final\netty-buffer-4.1.107.Final.jar;C:\Users\Bhavya jain\.m2\repository\io\netty\netty-transport-native-unix-common\4.1.107.Final\netty-transport-native-unix-common-4.1.107.Final.jar;C:\Users\Bhavya jain\.m2\repository\io\netty\netty-codec\4.1.107.Final\netty-codec-4.1.107.Final.jar;C:\Users\Bhavya jain\.m2\repository\io\netty\netty-transport\4.1.107.Final\netty-transport-4.1.107.Final.jar;C:\Users\Bhavya jain\.m2\repository\io\projectreactor\reactor-core\3.6.4\reactor-core-3.6.4.jar;C:\Users\Bhavya jain\.m2\repository\org\reactivestreams\reactive-streams\1.0.4\reactive-streams-1.0.4.jar;C:\Users\Bhavya jain\.m2\repository\org\springframework\data\spring-data-redis\3.2.4\spring-data-redis-3.2.4.jar;C:\Users\Bhavya jain\.m2\repository\org\springframework\data\spring-data-keyvalue\3.2.4\spring-data-keyvalue-3.2.4.jar;C:\Users\Bhavya jain\.m2\repository\org\springframework\spring-oxm\6.1.5\spring-oxm-6.1.5.jar;C:\Users\Bhavya jain\.m2\repository\org\eclipse\angus\jakarta.mail\2.0.3\jakarta.mail-2.0.3.jar;C:\Users\Bhavya jain\.m2\repository\jakarta\activation\jakarta.activation-api\2.1.3\jakarta.activation-api-2.1.3.jar;C:\Users\Bhavya jain\.m2\repository\org\eclipse\angus\angus-activation\2.0.2\angus-activation-2.0.2.jar;C:\Users\Bhavya jain\.m2\repository\com\mysql\mysql-connector-j\8.3.0\mysql-connector-j-8.3.0.jar;C:\Users\Bhavya jain\.m2\repository\org\postgresql\postgresql\42.6.2\postgresql-42.6.2.jar;C:\Users\Bhavya jain\.m2\repository\org\checkerframework\checker-qual\3.31.0\checker-qual-3.31.0.jar;C:\Users\Bhavya jain\.m2\repository\io\jsonwebtoken\jjwt-api\0.12.5\jjwt-api-0.12.5.jar;C:\Users\Bhavya jain\.m2\repository\io\jsonwebtoken\jjwt-impl\0.12.5\jjwt-impl-0.12.5.jar;C:\Users\Bhavya jain\.m2\repository\io\jsonwebtoken\jjwt-jackson\0.12.5\jjwt-jackson-0.12.5.jar;C:\Users\Bhavya jain\.m2\repository\com\fasterxml\jackson\core\jackson-databind\2.15.4\jackson-databind-2.15.4.jar;C:\Users\Bhavya jain\.m2\repository\com\fasterxml\jackson\core\jackson-annotations\2.15.4\jackson-annotations-2.15.4.jar;C:\Users\Bhavya jain\.m2\repository\com\fasterxml\jackson\core\jackson-core\2.15.4\jackson-core-2.15.4.jar;C:\Users\Bhavya jain\.m2\repository\jakarta\persistence\jakarta.persistence-api\3.1.0\jakarta.persistence-api-3.1.0.jar;C:\Users\Bhavya jain\.m2\repository\jakarta\validation\jakarta.validation-api\3.0.2\jakarta.validation-api-3.0.2.jar;C:\Users\Bhavya jain\.m2\repository\org\apache\poi\poi-ooxml\5.2.5\poi-ooxml-5.2.5.jar;C:\Users\Bhavya jain\.m2\repository\org\apache\poi\poi\5.2.5\poi-5.2.5.jar;C:\Users\Bhavya jain\.m2\repository\commons-codec\commons-codec\1.16.1\commons-codec-1.16.1.jar;C:\Users\Bhavya jain\.m2\repository\org\apache\commons\commons-math3\3.6.1\commons-math3-3.6.1.jar;C:\Users\Bhavya jain\.m2\repository\com\zaxxer\SparseBitSet\1.3\SparseBitSet-1.3.jar;C:\Users\Bhavya jain\.m2\repository\org\apache\poi\poi-ooxml-lite\5.2.5\poi-ooxml-lite-5.2.5.jar;C:\Users\Bhavya jain\.m2\repository\org\apache\xmlbeans\xmlbeans\5.2.0\xmlbeans-5.2.0.jar;C:\Users\Bhavya jain\.m2\repository\org\apache\commons\commons-compress\1.25.0\commons-compress-1.25.0.jar;C:\Users\Bhavya jain\.m2\repository\commons-io\commons-io\2.15.0\commons-io-2.15.0.jar;C:\Users\Bhavya jain\.m2\repository\com\github\virtuald\curvesapi\1.08\curvesapi-1.08.jar;C:\Users\Bhavya jain\.m2\repository\org\apache\logging\log4j\log4j-api\2.21.1\log4j-api-2.21.1.jar;C:\Users\Bhavya jain\.m2\repository\org\apache\commons\commons-collections4\4.4\commons-collections4-4.4.jar;C:\Users\Bhavya jain\.m2\repository\com\google\zxing\core\3.5.3\core-3.5.3.jar;C:\Users\Bhavya jain\.m2\repository\com\google\zxing\javase\3.5.3\javase-3.5.3.jar;C:\Users\Bhavya jain\.m2\repository\com\beust\jcommander\1.82\jcommander-1.82.jar;C:\Users\Bhavya jain\.m2\repository\com\github\jai-imageio\jai-imageio-core\1.4.0\jai-imageio-core-1.4.0.jar;C:\Users\Bhavya jain\.m2\repository\org\apache\pdfbox\pdfbox\2.0.31\pdfbox-2.0.31.jar;C:\Users\Bhavya jain\.m2\repository\org\apache\pdfbox\fontbox\2.0.31\fontbox-2.0.31.jar;C:\Users\Bhavya jain\.m2\repository\commons-logging\commons-logging\1.2\commons-logging-1.2.jar;C:\Users\Bhavya jain\.m2\repository\org\projectlombok\lombok\1.18.30\lombok-1.18.30.jar;C:\Users\Bhavya jain\.m2\repository\org\springframework\boot\spring-boot-devtools\3.2.4\spring-boot-devtools-3.2.4.jar;C:\Users\Bhavya jain\.m2\repository\org\springframework\boot\spring-boot\3.2.4\spring-boot-3.2.4.jar;C:\Users\Bhavya jain\.m2\repository\org\springframework\boot\spring-boot-autoconfigure\3.2.4\spring-boot-autoconfigure-3.2.4.jar;C:\Users\Bhavya jain\.m2\repository\jakarta\xml\bind\jakarta.xml.bind-api\4.0.2\jakarta.xml.bind-api-4.0.2.jar;C:\Users\Bhavya jain\.m2\repository\org\springframework\spring-core\6.1.5\spring-core-6.1.5.jar;C:\Users\Bhavya jain\.m2\repository\org\springframework\spring-jcl\6.1.5\spring-jcl-6.1.5.jar;C:\Users\Bhavya jain\.m2\repository\org\springframework\security\spring-security-core\6.2.3\spring-security-core-6.2.3.jar;C:\Users\Bhavya jain\.m2\repository\org\springframework\security\spring-security-crypto\6.2.3\spring-security-crypto-6.2.3.jar
Launcher Type: SUN_STANDARD

[Global flags]
     intx CICompilerCount                          = 12                                        {product} {ergonomic}
     uint ConcGCThreads                            = 3                                         {product} {ergonomic}
     uint G1ConcRefinementThreads                  = 13                                        {product} {ergonomic}
   size_t G1HeapRegionSize                         = 2097152                                   {product} {ergonomic}
   size_t InitialHeapSize                          = 257949696                                 {product} {ergonomic}
   size_t MarkStackSize                            = 4194304                                   {product} {ergonomic}
   size_t MarkStackSizeMax                         = 536870912                                 {product} {ergonomic}
   size_t MaxHeapSize                              = 4104126464                                {product} {ergonomic}
   size_t MaxNewSize                               = 2462056448                                {product} {ergonomic}
   size_t MinHeapDeltaBytes                        = 2097152                                   {product} {ergonomic}
   size_t MinHeapSize                              = 8388608                                   {product} {ergonomic}
    uintx NonNMethodCodeHeapSize                   = 4096                                   {pd product} {ergonomic}
    uintx NonProfiledCodeHeapSize                  = 0                                      {pd product} {ergonomic}
     bool ProfileInterpreter                       = false                                  {pd product} {command line}
    uintx ProfiledCodeHeapSize                     = 0                                      {pd product} {ergonomic}
   size_t SoftMaxHeapSize                          = 4104126464                             {manageable} {ergonomic}
     intx TieredStopAtLevel                        = 1                                         {product} {command line}
     bool UseCompressedOops                        = true                           {product lp64_product} {ergonomic}
     bool UseG1GC                                  = true                                      {product} {ergonomic}
     bool UseLargePagesIndividualAllocation        = false                                  {pd product} {ergonomic}

Logging:
Log output configuration:
 #0: stdout all=warning uptime,level,tags foldmultilines=false
 #1: stderr all=off uptime,level,tags foldmultilines=false

Release file:
IMPLEMENTOR="Oracle Corporation" 
JAVA_RUNTIME_VERSION="25.0.1+8-LTS-27" 
JAVA_VERSION="25.0.1" 
JAVA_VERSION_DATE="2025-10-21" 
LIBC="default" 
MODULES="java.base java.compiler java.datatransfer java.xml java.prefs java.desktop java.instrument java.logging java.management java.security.sasl java.naming java.rmi java.management.rmi java.net.http java.scripting java.security.jgss java.transaction.xa java.sql java.sql.rowset java.xml.crypto java.se java.smartcardio jdk.accessibility jdk.internal.jvmstat jdk.attach jdk.charsets jdk.internal.opt jdk.zipfs jdk.compiler jdk.crypto.cryptoki jdk.crypto.ec jdk.crypto.mscapi jdk.dynalink jdk.internal.ed jdk.editpad jdk.internal.vm.ci jdk.graal.compiler jdk.graal.compiler.management jdk.hotspot.agent jdk.httpserver jdk.incubator.vector jdk.internal.le jdk.internal.md jdk.jartool jdk.javadoc jdk.jcmd jdk.management jdk.management.agent jdk.jconsole jdk.jdeps jdk.jdwp.agent jdk.jdi jdk.jfr jdk.jlink jdk.jpackage jdk.jshell jdk.jsobject jdk.jstatd jdk.localedata jdk.management.jfr jdk.naming.dns jdk.naming.rmi jdk.net jdk.nio.mapmode jdk.sctp jdk.security.auth jdk.security.jgss jdk.unsupported jdk.unsupported.desktop jdk.xml.dom" 
OS_ARCH="x86_64" 
OS_NAME="Windows" 
SOURCE=".:git:862c85bc42b7 open:git:78770bfaefd2" 

Environment Variables:
PATH=c:\Users\Bhavya jain\AppData\Roaming\Code\User\globalStorage\github.copilot-chat\debugCommand;c:\Users\Bhavya jain\AppData\Roaming\Code\User\globalStorage\github.copilot-chat\copilotCli;C:\Users\Bhavya jain\AppData\Local\Programs\Microsoft VS Code;C:\Program Files\Common Files\Oracle\Java\javapath;C:\Program Files\Python313\Scripts\;C:\Program Files\Python313\;C:\windows\system32;C:\windows;C:\windows\System32\Wbem;C:\windows\System32\WindowsPowerShell\v1.0\;C:\windows\System32\OpenSSH\;C:\Program Files (x86)\NVIDIA Corporation\PhysX\Common;C:\Users\Administrator\AppData\Local\Microsoft\WindowsApps;C:\Program Files\HP\OMEN-Broadcast\Common;C:\Program Files\Git\cmd;C:\Program Files\NVIDIA Corporation\NVIDIA App\NvDLISR;C:\Program Files\dotnet\;C:\Program Files\nodejs\;C:\mingw64\bin;F:\Coding\studentmanagement\apache-maven-3.9.6\bin;C:\Program Files\Cloudflare\Cloudflare WARP\;C:\Program Files\MySQL\MySQL Server 8.0\bin;C:\Program Files\MySQL\MySQL Shell 8.0\bin\;C:\Program Files\Common Files\Oracle\Java\javapath;C:\Program Files\Python313\Scripts\;C:\Program Files\Python313\;C:\windows\system32;C:\windows;C:\windows\System32\Wbem;C:\windows\System32\WindowsPowerShell\v1.0\;C:\windows\System32\OpenSSH\;C:\Program Files (x86)\NVIDIA Corporation\PhysX\Common;C:\Users\Administrator\AppData\Local\Microsoft\WindowsApps;C:\Program Files\HP\OMEN-Broadcast\Common;C:\Program Files\Git\cmd;C:\Program Files\cursor\resources\app\bin;C:\Program Files\NVIDIA Corporation\NVIDIA App\NvDLISR;C:\Program Files\dotnet\;C:\Program Files\Cloudflare\Cloudflare WARP\;C:\Program Files\nodejs\;C:\mingw64\bin;F:\Coding\studentmanagement\apache-maven-3.9.6\bin;C:\Users\Bhavya jain\AppData\Local\Microsoft\WindowsApps;C:\Users\Bhavya jain\AppData\Local\Programs\Microsoft VS Code\bin;C:\Users\Bhavya jain\AppData\Roaming\npm;C:\Users\Bhavya jain\AppData\Local\GitHubDesktop\bin;C:\Users\Bhavya jain\AppData\Local\Programs\Antigravity\bin;C:\Users\Bhavya jain;C:\Users\Bhavya jain\.local\bin;C:\Users\Bhavya jain\AppData\Local\Programs\cursor\resources\app\bin;C:\Users\Bhavya jain\AppData\Local\Programs\Kiro\bin;c:\Users\Bhavya jain\.vscode\extensions\vscjava.vscode-java-debug-0.59.0\bundled\scripts\noConfigScripts;c:\Users\Bhavya jain\.vscode\extensions\ms-python.debugpy-2025.18.0-win32-x64\bundled\scripts\noConfigScripts
USERNAME=Bhavya jain
LANG=en_US.UTF-8
OS=Windows_NT
PROCESSOR_IDENTIFIER=AMD64 Family 25 Model 116 Stepping 1, AuthenticAMD
TMP=C:\Users\BHAVYA~1\AppData\Local\Temp
TEMP=C:\Users\BHAVYA~1\AppData\Local\Temp




Compilation memory statistics disabled.

Periodic native trim disabled

---------------  S Y S T E M  ---------------

OS:
 Windows 11 , 64 bit Build 26100 (10.0.26100.8246)
OS uptime: 0 days 8:54 hours
Hyper-V role detected

CPU: total 16 (initial active 16) (16 cores per cpu, 2 threads per core) family 25 model 116 stepping 1 microcode 0xa704109, cx8, cmov, fxsr, ht, mmx, 3dnowpref, sse, sse2, sse3, ssse3, sse4a, sse4.1, sse4.2, popcnt, lzcnt, tsc, tscinvbit, avx, avx2, aes, erms, clmul, bmi1, bmi2, adx, avx512f, avx512dq, avx512cd, avx512bw, avx512vl, sha, fma, vzeroupper, avx512_vpopcntdq, avx512_vpclmulqdq, avx512_vaes, avx512_vnni, clflush, clflushopt, clwb, avx512_vbmi2, avx512_vbmi, hv, rdtscp, rdpid, fsrm, gfni, avx512_bitalg, f16c, cet_ss, avx512_ifma
Processor Information for the first 16 processors :
  Max Mhz: 3801, Current Mhz: 2516, Mhz Limit: 3801

Memory: 4k page, system-wide physical 15654M (481M free)
TotalPageFile size 62758M (AvailPageFile size 3M)
current process WorkingSet (physical memory assigned to process): 516M, peak: 996M
current process commit charge ("private bytes"): 748M, peak: 1626M

vm_info: Java HotSpot(TM) 64-Bit Server VM (25.0.1+8-LTS-27) for windows-amd64 JRE (25.0.1+8-LTS-27), built on 2025-09-25T16:41:16Z with unknown MS VC++:1943

END.
