Row,Error
Existing student skipped | cluster=A25ARIU0001
Existing student skipped | cluster=A25ARIU0002
Existing student skipped | cluster=A25ARIU0003
Existing student skipped | cluster=A25ARIU0004
Existing student skipped | cluster=A25ARIU0005
Existing student skipped | cluster=A25ARIU0006
Existing student skipped | cluster=A25ARIU0007
Existing student skipped | cluster=A25ARIU0008
Existing student skipped | cluster=A25ARIU0009
Existing student skipped | cluster=A25ARIU0010
Existing student skipped | cluster=A25ARIU0011
Existing student skipped | cluster=A25ARIU0012
Existing student skipped | cluster=A25ARIU0013
Existing student skipped | cluster=A25ARIU0014
Existing student skipped | cluster=A25ARIU0015
Existing student skipped | cluster=A25ARIU0016
Existing student skipped | cluster=A25ARIU0017
Existing student skipped | cluster=A25ARIU0018
Existing student skipped | cluster=A25ARIU0019
Existing student skipped | cluster=A25ARIU0020
Existing student skipped | cluster=A25ARIU0021
Existing student skipped | cluster=A25ARIU0022
Existing student skipped | cluster=A25ARIU0023
Existing student skipped | cluster=A25ARIU0024
Existing student skipped | cluster=A25ARIU0025
Existing student skipped | cluster=A25ARIU0026
Existing student skipped | cluster=A25ARIU0027
Existing student skipped | cluster=A25ARIU0029
Existing student skipped | cluster=A25ARIU0030
Existing student skipped | cluster=A25ARIU0031
Existing student skipped | cluster=A25ARIU0032
Existing student skipped | cluster=A25ARIU0033
Existing student skipped | cluster=A25ARIU0034
Existing student skipped | cluster=A25ARIU0035
Existing student skipped | cluster=A25ARIU0036
Existing student skipped | cluster=A25ARIU0037
Existing student skipped | cluster=A25ARIU0038
Existing student skipped | cluster=A25ARIU0039
Existing student skipped | cluster=A25ARIU0040
Existing student skipped | cluster=A25ARIU0041
Existing student skipped | cluster=A25ARIU0042
Existing student skipped | cluster=A25ARIU0043
Existing student skipped | cluster=A25ARIU0044
Existing student skipped | cluster=A25ARIU0045
Existing student skipped | cluster=A25ARIU0046
Existing student skipped | cluster=A25ARIU0047
Existing student skipped | cluster=A25ARIU0048
Existing student skipped | cluster=A25ARIU0049
Existing student skipped | cluster=A25ARIU0050
Existing student skipped | cluster=A25ARIU0051
Existing student skipped | cluster=A25ARIU0052
Existing student skipped | cluster=A25ARIU0053
Existing student skipped | cluster=A25ARIU0054
Existing student skipped | cluster=A25ARIU0055
Existing student skipped | cluster=A25ARIU0056
Existing student skipped | cluster=A25ARIU0057
Existing student skipped | cluster=A25ARIU0058
Existing student skipped | cluster=A25ARIU0059
Existing student skipped | cluster=A25ARIU0060
Existing student skipped | cluster=A25ARIU0061
Existing student skipped | cluster=A25ARIU0062
Existing student skipped | cluster=A25ARIU0063
Existing student skipped | cluster=A25ARIU0064
Existing student skipped | cluster=A25ARIU0065
Existing student skipped | cluster=A25MTAI0001
Existing student skipped | cluster=A25MTAI0002
Existing student skipped | cluster=A25MTAI0003
Existing student skipped | cluster=A25MTAI0004
Existing student skipped | cluster=A25MTAI0005
Existing student skipped | cluster=A25MTAI0006
Existing student skipped | cluster=A25SOAIP0001
Existing student skipped | cluster=A25SOAIP0002
Existing student skipped | cluster=A25SOAIP0003
Existing student skipped | cluster=A25SOAIP0004
Existing student skipped | cluster=A25SOAIP0005
Existing student skipped | cluster=A25SOAIP0007
Existing student skipped | cluster=A25SOAIP0008
Existing student skipped | cluster=D25DESGP0001
Existing student skipped | cluster=D25DESU0001
Existing student skipped | cluster=D25DESU0003
Existing student skipped | cluster=D25DESU0004
Existing student skipped | cluster=D25DESU0005
Existing student skipped | cluster=D25DESU0006
Existing student skipped | cluster=D25DESU0007
Existing student skipped | cluster=D25DESU0008
Existing student skipped | cluster=D25DESU0009
Existing student skipped | cluster=D25DESU0010
Existing student skipped | cluster=D25DESU0011
Existing student skipped | cluster=D25DESU0012
Existing student skipped | cluster=D25DESU0013
Existing student skipped | cluster=D25DESU0014
Existing student skipped | cluster=D25DESU0015
Existing student skipped | cluster=D25DESU0016
Existing student skipped | cluster=D25DESU0017
Existing student skipped | cluster=D25DESU0018
Existing student skipped | cluster=D25DESU0019
Existing student skipped | cluster=D25DESU0020
Existing student skipped | cluster=D25DESU0021
Existing student skipped | cluster=D25DESU0022
Existing student skipped | cluster=D25DESU0023
Existing student skipped | cluster=D25DESU0024
Existing student skipped | cluster=E25BIOU0001
Existing student skipped | cluster=E25BIOU0002
Existing student skipped | cluster=E25BIOU0003
Existing student skipped | cluster=E25BIOU0004
Existing student skipped | cluster=E25BIOU0005
Existing student skipped | cluster=E25BIOU0006
Existing student skipped | cluster=E25BIOU0007
Existing student skipped | cluster=E25BIOU0008
Existing student skipped | cluster=E25BIOU0009
Existing student skipped | cluster=E25BIOU0010
Existing student skipped | cluster=E25BIOU0011
Existing student skipped | cluster=E25BIOU0012
Existing student skipped | cluster=E25BIOU0013
Existing student skipped | cluster=E25BIOU0014
Existing student skipped | cluster=E25BIOU0015
Existing student skipped | cluster=E25BIOU0016
Existing student skipped | cluster=E25BIOU0017
Existing student skipped | cluster=E25BIOU0018
Existing student skipped | cluster=E25BIOU0019
Existing student skipped | cluster=E25BIOU0020
Existing student skipped | cluster=E25BIOU0021
Existing student skipped | cluster=E25BIOU0022
Existing student skipped | cluster=E25BIOU0023
Existing student skipped | cluster=E25BIOU0024
Existing student skipped | cluster=E25BIOU0025
Existing student skipped | cluster=E25BIOU0026
Existing student skipped | cluster=E25BIOU0027
Existing student skipped | cluster=E25BIOU0028
Existing student skipped | cluster=E25BIOU0029
Existing student skipped | cluster=E25BIOU0030
Existing student skipped | cluster=E25BIOU0031
Existing student skipped | cluster=E25BIOU0032
Existing student skipped | cluster=E25BIOU0033
Existing student skipped | cluster=E25BIOU0034
Existing student skipped | cluster=E25BIOU0035
Existing student skipped | cluster=E25BIOU0036
Existing student skipped | cluster=E25BIOU0037
Existing student skipped | cluster=E25BIOU0038
Existing student skipped | cluster=E25BIOU0039
Existing student skipped | cluster=E25BIOU0040
Existing student skipped | cluster=E25BIOU0041
Existing student skipped | cluster=E25BIOU0042
Existing student skipped | cluster=E25BIOU0043
Existing student skipped | cluster=E25BIOU0044
Existing student skipped | cluster=E25BIOU0045
Existing student skipped | cluster=E25BIOU0046
Existing student skipped | cluster=E25BIOU0047
Existing student skipped | cluster=E25BIOU0048
Existing student skipped | cluster=E25BIOU0049
Existing student skipped | cluster=E25BIOU0050
Existing student skipped | cluster=E25BIOU0051
Existing student skipped | cluster=E25BIOU0052
Existing student skipped | cluster=E25BIOU0053
Existing student skipped | cluster=E25BIOU0054
Existing student skipped | cluster=E25BIOU0055
Existing student skipped | cluster=E25BIOU0056
Existing student skipped | cluster=E25BIOU0057
Existing student skipped | cluster=E25BIOU0058
Existing student skipped | cluster=E25BIOU0059
Existing student skipped | cluster=E25BIOU0060
Existing student skipped | cluster=E25BIOU0061
Existing student skipped | cluster=E25BIOU0062
Existing student skipped | cluster=E25BIOU0063
Existing student skipped | cluster=E25BIOU0064
Existing student skipped | cluster=E25BIOU0065
Existing student skipped | cluster=E25BIOU0066
Existing student skipped | cluster=E25BIOU0067
Existing student skipped | cluster=E25BMBU0001
Existing student skipped | cluster=E25BMBU0002
Existing student skipped | cluster=E25BMBU0003
Existing student skipped | cluster=E25BMBU0004
Existing student skipped | cluster=E25BMBU0005
Existing student skipped | cluster=E25BMBU0006
Existing student skipped | cluster=E25BMBU0007
Existing student skipped | cluster=E25BMBU0008
Existing student skipped | cluster=E25ECEU0001
Existing student skipped | cluster=E25ECEU0002
Existing student skipped | cluster=E25ECEU0003
Existing student skipped | cluster=E25ECEU0004
Existing student skipped | cluster=E25ECEU0006
Existing student skipped | cluster=E25ECEU0007
Existing student skipped | cluster=E25ECEU0008
Existing student skipped | cluster=E25ECEU0009
Existing student skipped | cluster=E25ECEU0010
Existing student skipped | cluster=E25ECEU0011
Existing student skipped | cluster=E25ECEU0012
Existing student skipped | cluster=E25ECEU0013
Existing student skipped | cluster=E25ECEU0014
Existing student skipped | cluster=E25ECEU0015
Existing student skipped | cluster=E25ECEU0016
Existing student skipped | cluster=E25ECEU0017
Existing student skipped | cluster=E25ECEU0018
Existing student skipped | cluster=E25ECEU0019
Existing student skipped | cluster=E25ECEU0020
Existing student skipped | cluster=E25ECEU0021
Existing student skipped | cluster=E25ECEU0022
Existing student skipped | cluster=E25ECEU0023
Existing student skipped | cluster=E25ECEU0024
Existing student skipped | cluster=E25ECEU0026
Existing student skipped | cluster=E25ECEU0027
Existing student skipped | cluster=E25ECEU0028
Existing student skipped | cluster=E25ECEU0029
Existing student skipped | cluster=E25ECEU0030
Existing student skipped | cluster=E25ECEU0031
Existing student skipped | cluster=E25ECEU0032
Existing student skipped | cluster=E25ECEU0033
Existing student skipped | cluster=E25ECEU0034
Existing student skipped | cluster=E25ECEU0035
Existing student skipped | cluster=E25EECU0001
Existing student skipped | cluster=E25EECU0002
Existing student skipped | cluster=E25EECU0003
Existing student skipped | cluster=E25EECU0004
Existing student skipped | cluster=E25EECU0005
Existing student skipped | cluster=E25EECU0006
Existing student skipped | cluster=E25EECU0007
Existing student skipped | cluster=E25EECU0008
Existing student skipped | cluster=E25EECU0009
Existing student skipped | cluster=E25EECU0010
Existing student skipped | cluster=E25EECU0011
Existing student skipped | cluster=E25EPYU0001
Existing student skipped | cluster=E25EPYU0002
Existing student skipped | cluster=E25EPYU0003
Existing student skipped | cluster=E25EPYU0004
Existing student skipped | cluster=E25EPYU0006
Existing student skipped | cluster=E25EPYU0007
Existing student skipped | cluster=E25EPYU0008
Existing student skipped | cluster=E25EPYU0009
Existing student skipped | cluster=E25MECU0001
Existing student skipped | cluster=E25MECU0002
Existing student skipped | cluster=E25MECU0003
Existing student skipped | cluster=E25MECU0004
Existing student skipped | cluster=E25MECU0005
Existing student skipped | cluster=E25MECU0006
Existing student skipped | cluster=E25MECU0007
Existing student skipped | cluster=E25MECU0008
Existing student skipped | cluster=E25MECU0009
Existing student skipped | cluster=E25MECU0010
Existing student skipped | cluster=E25MECU0011
Existing student skipped | cluster=E25MECU0012
Existing student skipped | cluster=E25MECU0013
Existing student skipped | cluster=E25MECU0014
Existing student skipped | cluster=E25MECU0015
Existing student skipped | cluster=E25MECU0016
Existing student skipped | cluster=E25MECU0017
Existing student skipped | cluster=E25MECU0018
Existing student skipped | cluster=E25SOEP0001
Existing student skipped | cluster=E25SOEP0002
Existing student skipped | cluster=E25SOEP0003
Existing student skipped | cluster=E25SOEP0004
Existing student skipped | cluster=E25SOEP0005
Existing student skipped | cluster=E25SOEP0006
Existing student skipped | cluster=E25SOEP0007
Existing student skipped | cluster=E25SOEP0008
Existing student skipped | cluster=E25SOEP0009
Existing student skipped | cluster=E25SOEP0010
Existing student skipped | cluster=H25BLAGP0001
Existing student skipped | cluster=H25BLAU0001
Existing student skipped | cluster=H25BLAU0002
Existing student skipped | cluster=H25BLAU0003
Existing student skipped | cluster=H25BLAU0004
Existing student skipped | cluster=H25BLAU0005
Existing student skipped | cluster=H25BLAU0006
Existing student skipped | cluster=H25BLAU0007
Existing student skipped | cluster=H25BLAU0008
Existing student skipped | cluster=H25BLAU0009
Existing student skipped | cluster=H25BLAU0010
Existing student skipped | cluster=H25BLAU0011
Existing student skipped | cluster=H25BLAU0012
Existing student skipped | cluster=H25BLAU0013
Existing student skipped | cluster=H25BLAU0014
Existing student skipped | cluster=H25BLAU0015
Existing student skipped | cluster=H25BLAU0016
Existing student skipped | cluster=H25BLAU0017
Existing student skipped | cluster=H25BLAU0018
Existing student skipped | cluster=H25BLAU0019
Existing student skipped | cluster=H25BLAU0020
Existing student skipped | cluster=H25BLAU0021
Existing student skipped | cluster=H25BLAU0022
Existing student skipped | cluster=H25BLAU0023
Existing student skipped | cluster=H25BLAU0024
Existing student skipped | cluster=H25BLAU0025
Existing student skipped | cluster=H25BLAU0026
Existing student skipped | cluster=H25BLAU0027
Existing student skipped | cluster=H25BLAU0028
Existing student skipped | cluster=H25BLAU0029
Existing student skipped | cluster=H25BLAU0030
Existing student skipped | cluster=H25BLAU0031
Existing student skipped | cluster=H25BLAU0032
Existing student skipped | cluster=H25BLAU0033
Existing student skipped | cluster=H25BLAU0034
Existing student skipped | cluster=H25BLAU0035
Existing student skipped | cluster=H25BLAU0036
Existing student skipped | cluster=H25BLAU0037
Existing student skipped | cluster=H25BLAU0038
Existing student skipped | cluster=H25BLAU0039
Existing student skipped | cluster=H25BLAU0040
Existing student skipped | cluster=H25BLAU0041
Existing student skipped | cluster=H25BLAU0043
Existing student skipped | cluster=H25SOLAP0001
Existing student skipped | cluster=H25SOLAP0002
Existing student skipped | cluster=H25SOLAP0003
Existing student skipped | cluster=L25BALU0001
Existing student skipped | cluster=L25BALU0002
Existing student skipped | cluster=L25BALU0003
Existing student skipped | cluster=L25BALU0004
Existing student skipped | cluster=L25BALU0005
Existing student skipped | cluster=L25BALU0006
Existing student skipped | cluster=L25BALU0007
Existing student skipped | cluster=L25BALU0008
Existing student skipped | cluster=L25BALU0010
Existing student skipped | cluster=L25BALU0011
Existing student skipped | cluster=L25BALU0012
Existing student skipped | cluster=L25BALU0013
Existing student skipped | cluster=L25BALU0014
Existing student skipped | cluster=L25BALU0015
Existing student skipped | cluster=L25BALU0016
Existing student skipped | cluster=L25BALU0017
Existing student skipped | cluster=L25BALU0018
Existing student skipped | cluster=L25BALU0019
Existing student skipped | cluster=L25BALU0020
Existing student skipped | cluster=L25BALU0021
Existing student skipped | cluster=L25BALU0022
Existing student skipped | cluster=L25BALU0023
Existing student skipped | cluster=L25BALU0024
Existing student skipped | cluster=L25BALU0025
Existing student skipped | cluster=L25BALU0026
Existing student skipped | cluster=L25BALU0027
Existing student skipped | cluster=L25BALU0028
Existing student skipped | cluster=L25BALU0029
Existing student skipped | cluster=L25BALU0030
Existing student skipped | cluster=L25BALU0031
Existing student skipped | cluster=L25BALU0032
Existing student skipped | cluster=L25BALU0033
Existing student skipped | cluster=L25BALU0034
Existing student skipped | cluster=L25BALU0035
Existing student skipped | cluster=L25BALU0036
Existing student skipped | cluster=L25BALU0037
Existing student skipped | cluster=L25BALU0038
Existing student skipped | cluster=L25BALU0039
Existing student skipped | cluster=L25BALU0040
Existing student skipped | cluster=L25BALU0041
Existing student skipped | cluster=L25BALU0042
Existing student skipped | cluster=L25BALU0043
Existing student skipped | cluster=L25BALU0044
Existing student skipped | cluster=L25BALU0045
Existing student skipped | cluster=L25BALU0046
Existing student skipped | cluster=L25BALU0047
Existing student skipped | cluster=L25BALU0048
Existing student skipped | cluster=L25BALU0049
Existing student skipped | cluster=L25BALU0050
Existing student skipped | cluster=L25BALU0051
Existing student skipped | cluster=L25BALU0052
Existing student skipped | cluster=L25BALU0053
Existing student skipped | cluster=L25BALU0054
Existing student skipped | cluster=L25BALU0055
Existing student skipped | cluster=L25BALU0056
Existing student skipped | cluster=L25BALU0057
Existing student skipped | cluster=L25BALU0058
Existing student skipped | cluster=L25BALU0059
Existing student skipped | cluster=L25BALU0060
Existing student skipped | cluster=L25BALU0061
Existing student skipped | cluster=L25BALU0062
Existing student skipped | cluster=L25BALU0063
Existing student skipped | cluster=L25BALU0064
Existing student skipped | cluster=L25BALU0065
Existing student skipped | cluster=L25BALU0066
Existing student skipped | cluster=L25BALU0067
Existing student skipped | cluster=L25BALU0068
Existing student skipped | cluster=L25BALU0069
Existing student skipped | cluster=L25BALU0071
Existing student skipped | cluster=L25BALU0072
Existing student skipped | cluster=L25BALU0073
Existing student skipped | cluster=L25BALU0074
Existing student skipped | cluster=L25BALU0075
Existing student skipped | cluster=L25BALU0076
Existing student skipped | cluster=L25BALU0077
Existing student skipped | cluster=L25BALU0078
Existing student skipped | cluster=L25BALU0079
Existing student skipped | cluster=L25BALU0080
Existing student skipped | cluster=L25BALU0081
Existing student skipped | cluster=L25BALU0082
Existing student skipped | cluster=L25BALU0083
Existing student skipped | cluster=L25BALU0084
Existing student skipped | cluster=L25BALU0085
Existing student skipped | cluster=L25BALU0086
Existing student skipped | cluster=L25BALU0087
Existing student skipped | cluster=L25BALU0088
Existing student skipped | cluster=L25BALU0089
Existing student skipped | cluster=L25BALU0090
Existing student skipped | cluster=L25BALU0091
Existing student skipped | cluster=L25BALU0093
Existing student skipped | cluster=L25BALU0094
Existing student skipped | cluster=L25BALU0095
Existing student skipped | cluster=L25BALU0096
Existing student skipped | cluster=L25BALU0097
Existing student skipped | cluster=L25BALU0098
Existing student skipped | cluster=L25BALU0099
Existing student skipped | cluster=L25BALU0100
Existing student skipped | cluster=L25BALU0101
Existing student skipped | cluster=L25BALU0102
Existing student skipped | cluster=L25BALU0103
Existing student skipped | cluster=L25BALU0104
Existing student skipped | cluster=L25BALU0105
Existing student skipped | cluster=L25BALU0106
Existing student skipped | cluster=L25BALU0107
Existing student skipped | cluster=L25BALU0108
Existing student skipped | cluster=L25BALU0109
Existing student skipped | cluster=L25BALU0110
Existing student skipped | cluster=L25BALU0111
Existing student skipped | cluster=L25BALU0112
Existing student skipped | cluster=L25BALU0113
Existing student skipped | cluster=L25BALU0114
Existing student skipped | cluster=L25BALU0115
Existing student skipped | cluster=L25BALU0116
Existing student skipped | cluster=L25BALU0117
Existing student skipped | cluster=L25BALU0118
Existing student skipped | cluster=L25BALU0119
Existing student skipped | cluster=L25BALU0120
Existing student skipped | cluster=L25BALU0121
Existing student skipped | cluster=L25BALU0122
Existing student skipped | cluster=L25BALU0123
Existing student skipped | cluster=L25BALU0124
Existing student skipped | cluster=L25BALU0125
Existing student skipped | cluster=L25BALU0126
Existing student skipped | cluster=L25BALU0127
Existing student skipped | cluster=L25BALU0128
Existing student skipped | cluster=L25BALU0129
Existing student skipped | cluster=L25BALU0130
Existing student skipped | cluster=L25BALU0131
Existing student skipped | cluster=L25BALU0132
Existing student skipped | cluster=L25BALU0133
Existing student skipped | cluster=L25BALU0134
Existing student skipped | cluster=L25BALU0135
Existing student skipped | cluster=L25BALU0136
Existing student skipped | cluster=L25BALU0137
Existing student skipped | cluster=L25BALU0138
Existing student skipped | cluster=L25BALU0139
Existing student skipped | cluster=L25BALU0140
Existing student skipped | cluster=L25BALU0141
Existing student skipped | cluster=L25BALU0142
Existing student skipped | cluster=L25BALU0143
Existing student skipped | cluster=L25BALU0144
Existing student skipped | cluster=L25BALU0145
Existing student skipped | cluster=L25BALU0146
Existing student skipped | cluster=L25BALU0147
Existing student skipped | cluster=L25BALU0148
Existing student skipped | cluster=L25BALU0149
Existing student skipped | cluster=L25BALU0150
Existing student skipped | cluster=L25BALU0151
Existing student skipped | cluster=L25BALU0152
Existing student skipped | cluster=L25BALU0153
Existing student skipped | cluster=L25BALU0154
Existing student skipped | cluster=L25BALU0155
Existing student skipped | cluster=L25BALU0156
Existing student skipped | cluster=L25BALU0157
Existing student skipped | cluster=L25BALU0158
Existing student skipped | cluster=L25BALU0159
Existing student skipped | cluster=L25BALU0161
Existing student skipped | cluster=L25BALU0162
Existing student skipped | cluster=L25BALU0163
Existing student skipped | cluster=L25BALU0164
Existing student skipped | cluster=L25BALU0165
Existing student skipped | cluster=L25BLBU0001
Existing student skipped | cluster=L25BLBU0002
Existing student skipped | cluster=L25BLBU0003
Existing student skipped | cluster=L25BLBU0004
Existing student skipped | cluster=L25BLBU0005
Existing student skipped | cluster=L25BLBU0006
Existing student skipped | cluster=L25BLBU0007
Existing student skipped | cluster=L25BLBU0008
Existing student skipped | cluster=L25BLBU0009
Existing student skipped | cluster=L25BLBU0010
Existing student skipped | cluster=L25BLBU0011
Existing student skipped | cluster=L25BLBU0012
Existing student skipped | cluster=L25BLBU0014
Existing student skipped | cluster=L25BLBU0015
Existing student skipped | cluster=L25BLBU0016
Existing student skipped | cluster=L25BLBU0017
Existing student skipped | cluster=L25BLBU0018
Existing student skipped | cluster=L25BLBU0019
Existing student skipped | cluster=L25BLBU0020
Existing student skipped | cluster=L25BLBU0021
Existing student skipped | cluster=L25BLBU0022
Existing student skipped | cluster=L25BLBU0023
Existing student skipped | cluster=L25BLBU0024
Existing student skipped | cluster=L25BLBU0025
Existing student skipped | cluster=L25BLBU0026
Existing student skipped | cluster=L25BLBU0027
Existing student skipped | cluster=L25BLBU0028
Existing student skipped | cluster=L25BLBU0029
Existing student skipped | cluster=L25BLBU0030
Existing student skipped | cluster=L25BLBU0031
Existing student skipped | cluster=L25BLBU0032
Existing student skipped | cluster=L25BLBU0033
Existing student skipped | cluster=L25BLBU0034
Existing student skipped | cluster=L25BLBU0035
Existing student skipped | cluster=L25BLBU0036
Existing student skipped | cluster=L25BLBU0037
Existing student skipped | cluster=L25BLBU0038
Existing student skipped | cluster=L25BLBU0039
Existing student skipped | cluster=L25BLBU0040
Existing student skipped | cluster=L25BLBU0041
Existing student skipped | cluster=L25BLBU0042
Existing student skipped | cluster=L25BLBU0043
Existing student skipped | cluster=L25BLBU0044
Existing student skipped | cluster=L25BLBU0045
Existing student skipped | cluster=L25BLBU0046
Existing student skipped | cluster=L25BLBU0047
Existing student skipped | cluster=L25BLBU0048
Existing student skipped | cluster=L25BLBU0049
Existing student skipped | cluster=L25BLBU0050
Existing student skipped | cluster=L25BLBU0051
Existing student skipped | cluster=L25BLBU0053
Existing student skipped | cluster=L25BLBU0054
Existing student skipped | cluster=L25BLBU0055
Existing student skipped | cluster=L25BLBU0056
Existing student skipped | cluster=L25BLBU0057
Existing student skipped | cluster=L25BLBU0058
Existing student skipped | cluster=L25BLBU0059
Existing student skipped | cluster=L25BLBU0060
Existing student skipped | cluster=L25BLBU0061
Existing student skipped | cluster=L25BLBU0062
Existing student skipped | cluster=L25BLBU0063
Existing student skipped | cluster=L25BLBU0064
Existing student skipped | cluster=L25BLBU0065
Existing student skipped | cluster=L25BLBU0066
Existing student skipped | cluster=L25BLBU0067
Existing student skipped | cluster=L25BLBU0068
Existing student skipped | cluster=L25BLBU0069
Existing student skipped | cluster=L25BLBU0070
Existing student skipped | cluster=L25BLBU0071
Existing student skipped | cluster=L25BLBU0072
Existing student skipped | cluster=L25BLBU0073
Existing student skipped | cluster=L25BLBU0074
Existing student skipped | cluster=L25BLBU0075
Existing student skipped | cluster=L25BLBU0076
Existing student skipped | cluster=L25BLBU0077
Existing student skipped | cluster=L25BLBU0078
Existing student skipped | cluster=L25BLBU0079
Existing student skipped | cluster=L25BLBU0080
Existing student skipped | cluster=L25BLBU0081
Existing student skipped | cluster=L25BLBU0082
Existing student skipped | cluster=L25BLBU0083
Existing student skipped | cluster=L25BLBU0084
Existing student skipped | cluster=L25BLBU0085
Existing student skipped | cluster=L25BLBU0086
Existing student skipped | cluster=L25BLBU0087
Existing student skipped | cluster=L25BLBU0088
Existing student skipped | cluster=L25BLBU0089
Existing student skipped | cluster=L25BLBU0090
Existing student skipped | cluster=L25BLBU0091
Existing student skipped | cluster=L25BLBU0092
Existing student skipped | cluster=L25BLBU0093
Existing student skipped | cluster=L25BLBU0094
Existing student skipped | cluster=L25BLBU0095
Existing student skipped | cluster=L25BLBU0096
Existing student skipped | cluster=L25BLBU0097
Existing student skipped | cluster=L25BLBU0098
Existing student skipped | cluster=L25BLBU0099
Existing student skipped | cluster=L25BLBU0100
Existing student skipped | cluster=L25BLBU0101
Existing student skipped | cluster=L25BLBU0102
Existing student skipped | cluster=L25BLBU0103
Existing student skipped | cluster=L25BLBU0104
Existing student skipped | cluster=L25BLBU0105
Existing student skipped | cluster=L25BLBU0106
Existing student skipped | cluster=L25BLBU0107
Existing student skipped | cluster=L25BLBU0108
Existing student skipped | cluster=L25BLBU0109
Existing student skipped | cluster=L25BLBU0110
Existing student skipped | cluster=L25BLBU0111
Existing student skipped | cluster=L25BLBU0112
Existing student skipped | cluster=L25BLBU0113
Existing student skipped | cluster=L25BLBU0114
Existing student skipped | cluster=L25BLBU0115
Existing student skipped | cluster=L25BLBU0116
Existing student skipped | cluster=L25BLBU0117
Existing student skipped | cluster=L25BLBU0118
Existing student skipped | cluster=L25BLBU0119
Existing student skipped | cluster=L25BLBU0120
Existing student skipped | cluster=L25BLBU0121
Existing student skipped | cluster=L25BLBU0122
Existing student skipped | cluster=L25BLBU0123
Existing student skipped | cluster=L25BLBU0125
Existing student skipped | cluster=L25BLBU0126
Existing student skipped | cluster=L25BLBU0127
Existing student skipped | cluster=L25BLBU0128
Existing student skipped | cluster=L25BLBU0129
Existing student skipped | cluster=L25BLBU0130
Existing student skipped | cluster=L25BLBU0131
Existing student skipped | cluster=L25BLBU0132
Existing student skipped | cluster=L25BLBU0133
Existing student skipped | cluster=L25BLBU0134
Existing student skipped | cluster=L25BLBU0135
Existing student skipped | cluster=L25BLBU0136
Existing student skipped | cluster=L25BLBU0137
Existing student skipped | cluster=L25BLBU0138
Existing student skipped | cluster=L25BLBU0139
Existing student skipped | cluster=L25BLBU0140
Existing student skipped | cluster=L25BLBU0141
Existing student skipped | cluster=L25BLBU0142
Existing student skipped | cluster=L25BLBU0143
Existing student skipped | cluster=L25BLBU0144
Existing student skipped | cluster=L25BLBU0145
Existing student skipped | cluster=L25BLBU0147
Existing student skipped | cluster=L25BLBU0148
Existing student skipped | cluster=L25BLBU0149
Existing student skipped | cluster=L25BLBU0150
Existing student skipped | cluster=L25BLBU0151
Existing student skipped | cluster=L25LLMG0001
Existing student skipped | cluster=L25LLMG0002
Existing student skipped | cluster=L25LLMG0003
Existing student skipped | cluster=L25LLMG0004
Existing student skipped | cluster=L25LLMG0005
Existing student skipped | cluster=L25LLMG0006
Existing student skipped | cluster=L25LLMG0007
Existing student skipped | cluster=L25LLMG0008
Existing student skipped | cluster=L25LLMG0009
Existing student skipped | cluster=L25LLMG0010
Existing student skipped | cluster=L25LLMG0011
Existing student skipped | cluster=L25LLMG0012
Existing student skipped | cluster=L25LLMG0013
Existing student skipped | cluster=L25LLMG0014
Existing student skipped | cluster=L25LLMG0015
Existing student skipped | cluster=L25LLMG0016
Existing student skipped | cluster=L25LLMG0017
Existing student skipped | cluster=L25LLMG0018
Existing student skipped | cluster=L25LLMG0019
Existing student skipped | cluster=L25LLMG0020
Existing student skipped | cluster=L25LLMG0021
Existing student skipped | cluster=L25LLMG0022
Existing student skipped | cluster=L25LLMG0023
Existing student skipped | cluster=L25LLMG0024
Existing student skipped | cluster=L25SOLP0001
Existing student skipped | cluster=L25SOLP0002
Existing student skipped | cluster=M25BBAGP0001
Existing student skipped | cluster=M25BBAGP0002
Existing student skipped | cluster=M25BBAGP0003
Existing student skipped | cluster=M25BBAGP0004
Existing student skipped | cluster=M25BBAU0001
Existing student skipped | cluster=M25BBAU0002
Existing student skipped | cluster=M25BBAU0003
Existing student skipped | cluster=M25BBAU0004
Existing student skipped | cluster=M25BBAU0005
Existing student skipped | cluster=M25BBAU0006
Existing student skipped | cluster=M25BBAU0007
Existing student skipped | cluster=M25BBAU0008
Existing student skipped | cluster=M25BBAU0009
Existing student skipped | cluster=M25BBAU0010
Existing student skipped | cluster=M25BBAU0011
Existing student skipped | cluster=M25BBAU0012
Existing student skipped | cluster=M25BBAU0013
Existing student skipped | cluster=M25BBAU0014
Existing student skipped | cluster=M25BBAU0015
Existing student skipped | cluster=M25BBAU0016
Existing student skipped | cluster=M25BBAU0017
Existing student skipped | cluster=M25BBAU0018
Existing student skipped | cluster=M25BBAU0019
Existing student skipped | cluster=M25BBAU0020
Existing student skipped | cluster=M25BBAU0021
Existing student skipped | cluster=M25BBAU0022
Existing student skipped | cluster=M25BBAU0023
Existing student skipped | cluster=M25BBAU0024
Existing student skipped | cluster=M25BBAU0025
Existing student skipped | cluster=M25BBAU0026
Existing student skipped | cluster=M25BBAU0027
Existing student skipped | cluster=M25BBAU0028
Existing student skipped | cluster=M25BBAU0029
Existing student skipped | cluster=M25BBAU0030
Existing student skipped | cluster=M25BBAU0031
Existing student skipped | cluster=M25BBAU0032
Existing student skipped | cluster=M25BBAU0033
Existing student skipped | cluster=M25BBAU0034
Existing student skipped | cluster=M25BBAU0035
Existing student skipped | cluster=M25BBAU0036
Existing student skipped | cluster=M25BBAU0037
Existing student skipped | cluster=M25BBAU0038
Existing student skipped | cluster=M25BBAU0039
Existing student skipped | cluster=M25BBAU0040
Existing student skipped | cluster=M25BBAU0041
Existing student skipped | cluster=M25BBAU0042
Existing student skipped | cluster=M25BBAU0043
Existing student skipped | cluster=M25BBAU0044
Existing student skipped | cluster=M25BBAU0045
Existing student skipped | cluster=M25BBAU0046
Existing student skipped | cluster=M25BBAU0047
Existing student skipped | cluster=M25BBAU0048
Existing student skipped | cluster=M25BBAU0049
Existing student skipped | cluster=M25BBAU0050
Existing student skipped | cluster=M25BBAU0051
Existing student skipped | cluster=M25BBAU0052
Existing student skipped | cluster=M25BBAU0053
Existing student skipped | cluster=M25BBAU0054
Existing student skipped | cluster=M25BBAU0055
Existing student skipped | cluster=M25BBAU0056
Existing student skipped | cluster=M25BBAU0057
Existing student skipped | cluster=M25BBAU0058
Existing student skipped | cluster=M25BBAU0059
Existing student skipped | cluster=M25BBAU0060
Existing student skipped | cluster=M25BBAU0061
Existing student skipped | cluster=M25BBAU0062
Existing student skipped | cluster=M25BBAU0064
Existing student skipped | cluster=M25BBAU0065
Existing student skipped | cluster=M25BBAU0066
Existing student skipped | cluster=M25BBAU0067
Existing student skipped | cluster=M25BBAU0068
Existing student skipped | cluster=M25BBAU0069
Existing student skipped | cluster=M25BBAU0070
Existing student skipped | cluster=M25BBAU0071
Existing student skipped | cluster=M25BBAU0072
Existing student skipped | cluster=M25BBAU0073
Existing student skipped | cluster=M25BBAU0074
Existing student skipped | cluster=M25BBAU0075
Existing student skipped | cluster=M25BBAU0076
Existing student skipped | cluster=M25BBAU0077
Existing student skipped | cluster=M25BBAU0078
Existing student skipped | cluster=M25BBAU0079
Existing student skipped | cluster=M25BBAU0080
Existing student skipped | cluster=M25BBAU0081
Existing student skipped | cluster=M25BBAU0082
Existing student skipped | cluster=M25BBAU0083
Existing student skipped | cluster=M25BBAU0084
Existing student skipped | cluster=M25BBAU0085
Existing student skipped | cluster=M25BBAU0086
Existing student skipped | cluster=D25DESU0027
Existing student skipped | cluster=M25BBAU0088
Existing student skipped | cluster=M25BBAU0089
Existing student skipped | cluster=M25BBAU0090
Existing student skipped | cluster=M25BBAU0091
Existing student skipped | cluster=M25BBAU0092
Existing student skipped | cluster=M25BBAU0093
Existing student skipped | cluster=M25BBAU0094
Existing student skipped | cluster=M25BBAU0095
Existing student skipped | cluster=M25BBAU0096
Existing student skipped | cluster=M25BBAU0097
Existing student skipped | cluster=M25BBAU0098
Existing student skipped | cluster=M25BBAU0099
Existing student skipped | cluster=M25BBAU0100
Existing student skipped | cluster=M25BBAU0101
Existing student skipped | cluster=M25BBAU0102
Existing student skipped | cluster=M25BBAU0103
Existing student skipped | cluster=M25BBAU0104
Existing student skipped | cluster=M25BBAU0105
Existing student skipped | cluster=M25BBAU0106
Existing student skipped | cluster=M25BBAU0108
Existing student skipped | cluster=M25BBAU0109
Existing student skipped | cluster=M25BBAU0110
Existing student skipped | cluster=M25BBAU0111
Existing student skipped | cluster=M25BBAU0112
Existing student skipped | cluster=M25BBAU0113
Existing student skipped | cluster=M25BBAU0114
Existing student skipped | cluster=M25BBAU0115
Existing student skipped | cluster=M25BBAU0116
Existing student skipped | cluster=M25BBAU0117
Existing student skipped | cluster=M25BBAU0118
Existing student skipped | cluster=M25BBAU0119
Existing student skipped | cluster=M25BBAU0120
Existing student skipped | cluster=M25BBAU0121
Existing student skipped | cluster=M25BBAU0122
Existing student skipped | cluster=M25BBAU0123
Existing student skipped | cluster=M25BBAU0124
Existing student skipped | cluster=M25BBAU0125
Existing student skipped | cluster=M25BBAU0126
Existing student skipped | cluster=M25BBAU0127
Existing student skipped | cluster=M25BBAU0128
Existing student skipped | cluster=M25BBAU0129
Existing student skipped | cluster=M25BBAU0130
Existing student skipped | cluster=M25BBAU0131
Existing student skipped | cluster=M25BBAU0132
Existing student skipped | cluster=M25BBAU0133
Existing student skipped | cluster=M25BBAU0134
Existing student skipped | cluster=M25BBAU0135
Existing student skipped | cluster=M25BBAU0136
Existing student skipped | cluster=M25BBAU0137
Existing student skipped | cluster=M25BBAU0139
Existing student skipped | cluster=M25BBAU0140
Existing student skipped | cluster=M25BBAU0141
Existing student skipped | cluster=M25BBAU0142
Existing student skipped | cluster=M25BBAU0143
Existing student skipped | cluster=M25BBAU0144
Existing student skipped | cluster=M25BBAU0145
Existing student skipped | cluster=M25BBAU0146
Existing student skipped | cluster=M25BBAU0147
Existing student skipped | cluster=M25BBAU0148
Existing student skipped | cluster=M25BBAU0149
Existing student skipped | cluster=M25BBAU0150
Existing student skipped | cluster=M25BBAU0151
Existing student skipped | cluster=M25BBAU0153
Existing student skipped | cluster=M25BBAU0154
Existing student skipped | cluster=M25BBAU0155
Existing student skipped | cluster=M25BBAU0156
Existing student skipped | cluster=M25BBAU0157
Existing student skipped | cluster=M25BBAU0158
Existing student skipped | cluster=M25BBAU0159
Existing student skipped | cluster=M25BBAU0160
Existing student skipped | cluster=M25BBAU0161
Existing student skipped | cluster=M25BBAU0162
Existing student skipped | cluster=M25BBAU0163
Existing student skipped | cluster=M25BBAU0164
Existing student skipped | cluster=M25BBAU0165
Existing student skipped | cluster=M25BBAU0166
Existing student skipped | cluster=M25BBAU0167
Existing student skipped | cluster=M25BBAU0168
Existing student skipped | cluster=M25BBAU0169
Existing student skipped | cluster=M25BBAU0170
Existing student skipped | cluster=M25BBAU0171
Existing student skipped | cluster=M25BBAU0172
Existing student skipped | cluster=M25BBAU0173
Existing student skipped | cluster=M25BBAU0174
Existing student skipped | cluster=M25BBAU0175
Existing student skipped | cluster=M25BBAU0176
Existing student skipped | cluster=M25BBAU0177
Existing student skipped | cluster=M25BBAU0178
Existing student skipped | cluster=M25BBAU0179
Existing student skipped | cluster=M25BBAU0180
Existing student skipped | cluster=M25BBAU0181
Existing student skipped | cluster=M25BBAU0182
Existing student skipped | cluster=M25BBAU0183
Existing student skipped | cluster=M25BBAU0184
Existing student skipped | cluster=M25BBAU0185
Existing student skipped | cluster=M25BBAU0186
Existing student skipped | cluster=M25BBAU0187
Existing student skipped | cluster=M25BBAU0188
Existing student skipped | cluster=M25BBAU0189
Existing student skipped | cluster=M25BBAU0190
Existing student skipped | cluster=M25BBAU0191
Existing student skipped | cluster=M25BBAU0192
Existing student skipped | cluster=M25BBAU0193
Existing student skipped | cluster=M25BBAU0194
Existing student skipped | cluster=M25BBAU0195
Existing student skipped | cluster=M25BBAU0196
Existing student skipped | cluster=M25BBAU0197
Existing student skipped | cluster=M25BBAU0198
Existing student skipped | cluster=M25BBAU0199
Existing student skipped | cluster=M25BBAU0200
Existing student skipped | cluster=M25BBAU0201
Existing student skipped | cluster=M25BBAU0202
Existing student skipped | cluster=M25BBAU0203
Existing student skipped | cluster=M25BBAU0204
Existing student skipped | cluster=M25BBAU0205
Existing student skipped | cluster=M25BBAU0206
Existing student skipped | cluster=M25BBAU0207
Existing student skipped | cluster=M25BBAU0208
Existing student skipped | cluster=M25BBAU0209
Existing student skipped | cluster=M25BBAU0210
Existing student skipped | cluster=M25BBAU0211
Existing student skipped | cluster=M25BBAU0212
Existing student skipped | cluster=M25BBAU0213
Existing student skipped | cluster=M25BBAU0214
Existing student skipped | cluster=M25BBAU0215
Existing student skipped | cluster=M25BBAU0216
Existing student skipped | cluster=M25BBAU0217
Existing student skipped | cluster=M25BBAU0218
Existing student skipped | cluster=M25BBAU0219
Existing student skipped | cluster=M25BBAU0220
Existing student skipped | cluster=M25BBAU0221
Existing student skipped | cluster=M25BBAU0222
Existing student skipped | cluster=M25BBAU0223
Existing student skipped | cluster=M25BBAU0224
Existing student skipped | cluster=M25BBAU0225
Existing student skipped | cluster=M25BBAU0226
Existing student skipped | cluster=M25BBAU0227
Existing student skipped | cluster=M25BBAU0228
Existing student skipped | cluster=M25BBAU0229
Existing student skipped | cluster=M25BBAU0230
Existing student skipped | cluster=M25BBAU0231
Existing student skipped | cluster=M25BBAU0232
Existing student skipped | cluster=M25BBAU0233
Existing student skipped | cluster=M25BBAU0234
Existing student skipped | cluster=M25BBAU0235
Existing student skipped | cluster=M25BBAU0236
Existing student skipped | cluster=M25BBAU0237
Existing student skipped | cluster=M25BBAU0238
Existing student skipped | cluster=M25BBAU0239
Existing student skipped | cluster=M25BBAU0240
Existing student skipped | cluster=M25BBAU0241
Existing student skipped | cluster=M25BBAU0242
Existing student skipped | cluster=M25BBAU0243
Existing student skipped | cluster=M25BBAU0244
Existing student skipped | cluster=M25BBAU0245
Existing student skipped | cluster=M25BBAU0246
Existing student skipped | cluster=M25BBAU0247
Existing student skipped | cluster=M25BBAU0248
Existing student skipped | cluster=M25BBAU0249
Existing student skipped | cluster=M25BBAU0250
Existing student skipped | cluster=M25BBAU0251
Existing student skipped | cluster=M25BBAU0252
Existing student skipped | cluster=M25BBAU0253
Existing student skipped | cluster=M25BBAU0254
Existing student skipped | cluster=M25BBAU0255
Existing student skipped | cluster=M25BBAU0256
Existing student skipped | cluster=M25BBAU0257
Existing student skipped | cluster=M25BBAU0258
Existing student skipped | cluster=M25BBAU0259
Existing student skipped | cluster=M25BBAU0260
Existing student skipped | cluster=M25BBAU0261
Existing student skipped | cluster=M25BBAU0262
Existing student skipped | cluster=M25BBAU0263
Existing student skipped | cluster=M25BBAU0264
Existing student skipped | cluster=M25BBAU0265
Existing student skipped | cluster=M25BBAU0266
Existing student skipped | cluster=M25BBAU0267
Existing student skipped | cluster=M25BBAU0268
Existing student skipped | cluster=M25BBAU0269
Existing student skipped | cluster=M25BBAU0270
Existing student skipped | cluster=M25BBAU0271
Existing student skipped | cluster=M25BBAU0272
Existing student skipped | cluster=M25BBAU0273
Existing student skipped | cluster=M25BBAU0274
Existing student skipped | cluster=M25BBAU0275
Existing student skipped | cluster=M25BBAU0276
Existing student skipped | cluster=M25BBAU0277
Existing student skipped | cluster=M25BBAU0278
Existing student skipped | cluster=M25BBAU0279
Existing student skipped | cluster=M25BBAU0280
Existing student skipped | cluster=M25BBAU0281
Existing student skipped | cluster=M25BBAU0282
Existing student skipped | cluster=M25BBAU0283
Existing student skipped | cluster=M25BBAU0284
Existing student skipped | cluster=M25BBAU0285
Existing student skipped | cluster=M25BBAU0286
Existing student skipped | cluster=M25BBAU0287
Existing student skipped | cluster=M25BBAU0288
Existing student skipped | cluster=M25BBAU0289
Existing student skipped | cluster=M25BBAU0290
Existing student skipped | cluster=M25BBAU0292
Existing student skipped | cluster=M25BBAU0293
Existing student skipped | cluster=M25BBAU0294
Existing student skipped | cluster=M25BBAU0295
Existing student skipped | cluster=M25BBAU0296
Existing student skipped | cluster=M25BBAU0297
Existing student skipped | cluster=M25BBAU0298
Existing student skipped | cluster=M25BBAU0299
Existing student skipped | cluster=M25BBAU0300
Existing student skipped | cluster=M25BBAU0301
Existing student skipped | cluster=M25BBAU0302
Existing student skipped | cluster=M25BBAU0303
Existing student skipped | cluster=M25BBAU0304
Existing student skipped | cluster=M25BBAU0305
Existing student skipped | cluster=M25BBAU0306
Existing student skipped | cluster=M25BBAU0307
Existing student skipped | cluster=M25BBAU0308
Existing student skipped | cluster=M25BBAU0309
Existing student skipped | cluster=M25BBAU0310
Existing student skipped | cluster=M25BBAU0311
Existing student skipped | cluster=M25BBAU0312
Existing student skipped | cluster=M25BBAU0313
Existing student skipped | cluster=M25BBAU0314
Existing student skipped | cluster=M25BBAU0315
Existing student skipped | cluster=M25BBAU0316
Existing student skipped | cluster=M25BBAU0317
Existing student skipped | cluster=M25BBAU0318
Existing student skipped | cluster=M25BBAU0320
Existing student skipped | cluster=M25BBAU0321
Existing student skipped | cluster=M25BBAU0322
Existing student skipped | cluster=M25BBAU0323
Existing student skipped | cluster=M25BBAU0324
Existing student skipped | cluster=M25BBAU0325
Existing student skipped | cluster=M25BBAU0326
Existing student skipped | cluster=M25BBAU0327
Existing student skipped | cluster=M25BBAU0328
Existing student skipped | cluster=M25BBAU0329
Existing student skipped | cluster=M25BBAU0330
Existing student skipped | cluster=M25BBAU0331
Existing student skipped | cluster=M25BBAU0332
Existing student skipped | cluster=M25BBAU0333
Existing student skipped | cluster=M25BBAU0334
Existing student skipped | cluster=M25BBAU0335
Existing student skipped | cluster=M25BBAU0336
Existing student skipped | cluster=M25BBAU0337
Existing student skipped | cluster=M25BBAU0338
Existing student skipped | cluster=M25BBAU0339
Existing student skipped | cluster=M25BBAU0340
Existing student skipped | cluster=M25BBAU0341
Existing student skipped | cluster=M25BBAU0342
Existing student skipped | cluster=M25BBAU0343
Existing student skipped | cluster=M25BBAU0344
Existing student skipped | cluster=M25BBAU0345
Existing student skipped | cluster=M25BBAU0346
Existing student skipped | cluster=M25BBAU0347
Existing student skipped | cluster=M25BBAU0348
Existing student skipped | cluster=M25BBAU0349
Existing student skipped | cluster=M25BBAU0350
Existing student skipped | cluster=M25BBAU0351
Existing student skipped | cluster=M25BBAU0352
Existing student skipped | cluster=M25BBAU0353
Existing student skipped | cluster=M25BBAU0354
Existing student skipped | cluster=M25BBAU0355
Existing student skipped | cluster=M25BBAU0356
Existing student skipped | cluster=M25BBAU0357
Existing student skipped | cluster=M25BBAU0358
Existing student skipped | cluster=M25BBAU0359
Existing student skipped | cluster=M25BBAU0360
Existing student skipped | cluster=M25BBAU0361
Existing student skipped | cluster=M25BBAU0362
Existing student skipped | cluster=M25BBAU0363
Existing student skipped | cluster=M25BBAU0364
Existing student skipped | cluster=M25BBAU0365
Existing student skipped | cluster=M25BBAU0366
Existing student skipped | cluster=M25BBAU0367
Existing student skipped | cluster=M25BBAU0368
Existing student skipped | cluster=M25BBAU0369
Existing student skipped | cluster=M25BBAU0370
Existing student skipped | cluster=M25BBAU0371
Existing student skipped | cluster=M25BBAU0372
Existing student skipped | cluster=M25BBAU0373
Existing student skipped | cluster=M25BBAU0374
Existing student skipped | cluster=M25BBAU0375
Existing student skipped | cluster=M25BBAU0376
Existing student skipped | cluster=M25BBAU0377
Existing student skipped | cluster=M25BBAU0378
Existing student skipped | cluster=M25BBAU0379
Existing student skipped | cluster=M25BBAU0380
Existing student skipped | cluster=M25BBAU0381
Existing student skipped | cluster=M25BBAU0382
Existing student skipped | cluster=M25BBAU0385
Existing student skipped | cluster=M25BBAU0386
Existing student skipped | cluster=M25BBAU0387
Existing student skipped | cluster=M25BBAU0388
Existing student skipped | cluster=M25BBAU0389
Existing student skipped | cluster=M25BBAU0390
Existing student skipped | cluster=M25BBAU0391
Existing student skipped | cluster=M25BBAU0392
Existing student skipped | cluster=M25BBAU0393
Existing student skipped | cluster=M25BBAU0394
Existing student skipped | cluster=M25BBAU0395
Existing student skipped | cluster=M25BBAU0396
Existing student skipped | cluster=M25BBAU0397
Existing student skipped | cluster=M25BBAU0398
Existing student skipped | cluster=M25BBAU0399
Existing student skipped | cluster=M25BBAU0400
Existing student skipped | cluster=M25BBAU0401
Existing student skipped | cluster=M25BBAU0402
Existing student skipped | cluster=M25BBAU0403
Existing student skipped | cluster=M25BBAU0405
Existing student skipped | cluster=M25BBAU0406
Existing student skipped | cluster=M25BBAU0407
Existing student skipped | cluster=M25BBAU0408
Existing student skipped | cluster=M25BBAU0409
Existing student skipped | cluster=M25BBAU0410
Existing student skipped | cluster=M25BBAU0411
Existing student skipped | cluster=M25BBAU0412
Existing student skipped | cluster=M25BBAU0413
Existing student skipped | cluster=M25BBAU0414
Existing student skipped | cluster=M25BBAU0415
Existing student skipped | cluster=M25BBAU0416
Existing student skipped | cluster=M25BBAU0417
Existing student skipped | cluster=M25BBAU0418
Existing student skipped | cluster=M25BBAU0419
Existing student skipped | cluster=M25BBAU0420
Existing student skipped | cluster=M25BBAU0421
Existing student skipped | cluster=M25BBAU0422
Existing student skipped | cluster=M25BBAU0423
Existing student skipped | cluster=M25BBAU0424
Existing student skipped | cluster=M25BBAU0425
Existing student skipped | cluster=M25BBAU0426
Existing student skipped | cluster=M25BBAU0427
Existing student skipped | cluster=M25BBAU0428
Existing student skipped | cluster=M25BBAU0429
Existing student skipped | cluster=M25BBAU0430
Existing student skipped | cluster=M25BBAU0431
Existing student skipped | cluster=M25BBAU0432
Existing student skipped | cluster=M25BBAU0433
Existing student skipped | cluster=M25BBAU0434
Existing student skipped | cluster=M25BBAU0435
Existing student skipped | cluster=M25BBAU0436
Existing student skipped | cluster=M25BBAU0437
Existing student skipped | cluster=M25BBAU0438
Existing student skipped | cluster=M25BBAU0439
Existing student skipped | cluster=M25BBAU0440
Existing student skipped | cluster=M25BBAU0441
Existing student skipped | cluster=M25BBAU0442
Existing student skipped | cluster=M25BBAU0443
Existing student skipped | cluster=M25BBAU0444
Existing student skipped | cluster=M25BBAU0445
Existing student skipped | cluster=M25BBAU0446
Existing student skipped | cluster=M25BBAU0447
Existing student skipped | cluster=M25BBAU0448
Existing student skipped | cluster=M25BBAU0449
Existing student skipped | cluster=M25BBAU0450
Existing student skipped | cluster=M25BBAU0451
Existing student skipped | cluster=M25BBAU0452
Existing student skipped | cluster=M25BBAU0453
Existing student skipped | cluster=M25BBAU0454
Existing student skipped | cluster=M25BBAU0455
Existing student skipped | cluster=M25BBAU0456
Existing student skipped | cluster=M25BBAU0457
Existing student skipped | cluster=M25BBAU0458
Existing student skipped | cluster=M25BBAU0459
Existing student skipped | cluster=M25BBAU0460
Existing student skipped | cluster=M25BBAU0461
Existing student skipped | cluster=M25BBAU0463
Existing student skipped | cluster=M25BBAU0464
Existing student skipped | cluster=M25BBAU0465
Existing student skipped | cluster=M25BBAU0466
Existing student skipped | cluster=M25BBAU0467
Existing student skipped | cluster=M25BBAU0468
Existing student skipped | cluster=M25BBAU0469
Existing student skipped | cluster=M25BBAU0470
Existing student skipped | cluster=M25BBAU0471
Existing student skipped | cluster=M25BBAU0472
Existing student skipped | cluster=M25BBAU0473
Existing student skipped | cluster=M25BBAU0474
Existing student skipped | cluster=M25BBAU0475
Existing student skipped | cluster=M25BMBU0001
Existing student skipped | cluster=M25BMBU0002
Existing student skipped | cluster=M25BMBU0004
Existing student skipped | cluster=M25BMBU0005
Existing student skipped | cluster=M25BMBU0006
Existing student skipped | cluster=M25BMBU0010
Existing student skipped | cluster=M25BMBU0011
Existing student skipped | cluster=M25BMBU0013
Existing student skipped | cluster=M25BMBU0015
Existing student skipped | cluster=M25BMBU0017
Existing student skipped | cluster=M25BMBU0019
Existing student skipped | cluster=M25BMBU0020
Existing student skipped | cluster=M25MBAG0001
Existing student skipped | cluster=M25MBAG0002
Existing student skipped | cluster=M25MBAG0003
Existing student skipped | cluster=M25MBAG0004
Existing student skipped | cluster=M25MBAG0005
Existing student skipped | cluster=M25MBAG0006
Existing student skipped | cluster=M25MBAG0007
Existing student skipped | cluster=M25MBAG0008
Existing student skipped | cluster=M25MBAG0009
Existing student skipped | cluster=M25MBAG0010
Existing student skipped | cluster=M25MBAG0011
Existing student skipped | cluster=M25MBAG0013
Existing student skipped | cluster=M25MBAG0014
Existing student skipped | cluster=M25MBAG0015
Existing student skipped | cluster=M25MBAG0016
Existing student skipped | cluster=M25MBAG0017
Existing student skipped | cluster=M25MBAG0018
Existing student skipped | cluster=M25MBAG0019
Existing student skipped | cluster=M25MBAG0021
Existing student skipped | cluster=M25MBAG0022
Existing student skipped | cluster=M25MBAG0023
Existing student skipped | cluster=M25MBAG0025
Existing student skipped | cluster=M25MBAG0026
Existing student skipped | cluster=M25MBAG0027
Existing student skipped | cluster=M25MBAG0028
Existing student skipped | cluster=M25MBAG0029
Existing student skipped | cluster=M25MBAG0030
Existing student skipped | cluster=M25MBAG0031
Existing student skipped | cluster=M25MBAG0032
Existing student skipped | cluster=M25MBAG0033
Existing student skipped | cluster=M25MBAG0034
Existing student skipped | cluster=M25MBAG0035
Existing student skipped | cluster=M25MBAG0036
Existing student skipped | cluster=M25MBAG0037
Existing student skipped | cluster=M25MBAG0038
Existing student skipped | cluster=M25MBAG0039
Existing student skipped | cluster=M25MBAG0040
Existing student skipped | cluster=M25MBAG0041
Existing student skipped | cluster=M25MBAG0042
Existing student skipped | cluster=M25MBAG0043
Existing student skipped | cluster=M25MBAG0044
Existing student skipped | cluster=M25MBAG0045
Existing student skipped | cluster=M25MBAG0046
Existing student skipped | cluster=M25MBAG0047
Existing student skipped | cluster=M25MBAG0048
Existing student skipped | cluster=M25MBAG0049
Existing student skipped | cluster=M25MBAG0050
Existing student skipped | cluster=M25MBAG0051
Existing student skipped | cluster=M25MBAG0052
Existing student skipped | cluster=M25MBAG0053
Existing student skipped | cluster=M25MBAG0054
Existing student skipped | cluster=M25MBAG0055
Existing student skipped | cluster=M25MBAG0056
Existing student skipped | cluster=M25MBAG0057
Existing student skipped | cluster=M25MBAG0058
Existing student skipped | cluster=M25MBAG0059
Existing student skipped | cluster=M25MBAG0060
Existing student skipped | cluster=M25MBAG0061
Existing student skipped | cluster=M25MBAG0062
Existing student skipped | cluster=M25MBAG0063
Existing student skipped | cluster=M25MBAG0064
Existing student skipped | cluster=M25MBAG0065
Existing student skipped | cluster=M25MBAG0066
Existing student skipped | cluster=M25MBAG0067
Existing student skipped | cluster=M25MBAG0068
Existing student skipped | cluster=M25MBAG0069
Existing student skipped | cluster=M25MBAG0070
Existing student skipped | cluster=M25MBAG0071
Existing student skipped | cluster=M25MBAG0072
Existing student skipped | cluster=M25MBAG0073
Existing student skipped | cluster=M25MBAG0074
Existing student skipped | cluster=M25MBAG0075
Existing student skipped | cluster=M25MBAG0076
Existing student skipped | cluster=M25MBAG0077
Existing student skipped | cluster=M25MBAG0078
Existing student skipped | cluster=M25MBAG0079
Existing student skipped | cluster=M25MBAG0080
Existing student skipped | cluster=M25MBAG0081
Existing student skipped | cluster=M25MBAG0082
Existing student skipped | cluster=M25MBAG0083
Existing student skipped | cluster=M25MBAG0084
Existing student skipped | cluster=M25MBAG0085
Existing student skipped | cluster=M25MBAG0086
Existing student skipped | cluster=M25MBAG0087
Existing student skipped | cluster=M25MBAG0088
Existing student skipped | cluster=M25MBAG0089
Existing student skipped | cluster=M25MBAG0090
Existing student skipped | cluster=M25MBAG0091
Existing student skipped | cluster=M25MBAG0092
Existing student skipped | cluster=M25MBAG0093
Existing student skipped | cluster=M25MBAG0094
Existing student skipped | cluster=M25MBAG0095
Existing student skipped | cluster=M25MBAG0096
Existing student skipped | cluster=M25MBAG0097
Existing student skipped | cluster=M25MBAG0098
Existing student skipped | cluster=M25MBAG0099
Existing student skipped | cluster=M25MBAG0100
Existing student skipped | cluster=M25MBAG0101
Existing student skipped | cluster=M25MBAG0102
Existing student skipped | cluster=M25MBAG0103
Existing student skipped | cluster=M25MBAG0104
Existing student skipped | cluster=M25MBAG0105
Existing student skipped | cluster=M25MBAG0106
Existing student skipped | cluster=M25MBAG0107
Existing student skipped | cluster=M25MBAG0108
Existing student skipped | cluster=M25MBAG0109
Existing student skipped | cluster=M25MBAG0110
Existing student skipped | cluster=M25MBAG0111
Existing student skipped | cluster=M25MBAG0112
Existing student skipped | cluster=M25MBAG0113
Existing student skipped | cluster=M25MBAG0114
Existing student skipped | cluster=M25MBAG0115
Existing student skipped | cluster=M25MBAG0116
Existing student skipped | cluster=M25MBAG0117
Existing student skipped | cluster=M25MBAG0118
Existing student skipped | cluster=M25MBAG0119
Existing student skipped | cluster=M25MBAG0120
Existing student skipped | cluster=M25MBAG0121
Existing student skipped | cluster=M25MBAG0122
Existing student skipped | cluster=M25MBAG0123
Existing student skipped | cluster=M25MBAG0124
Existing student skipped | cluster=M25MBAG0125
Existing student skipped | cluster=M25MBAG0126
Existing student skipped | cluster=M25MBAG0127
Existing student skipped | cluster=M25MBAG0128
Existing student skipped | cluster=M25MBAG0129
Existing student skipped | cluster=M25MBAG0130
Existing student skipped | cluster=M25MBAG0131
Existing student skipped | cluster=M25MBAG0132
Existing student skipped | cluster=M25MBAG0133
Existing student skipped | cluster=M25MBAG0134
Existing student skipped | cluster=M25MBAG0135
Existing student skipped | cluster=M25MBAG0136
Existing student skipped | cluster=M25MBAG0137
Existing student skipped | cluster=M25MBAG0138
Existing student skipped | cluster=M25MBAG0139
Existing student skipped | cluster=M25MBAG0140
Existing student skipped | cluster=M25MBAG0141
Existing student skipped | cluster=M25MBAG0142
Existing student skipped | cluster=M25MBAG0143
Existing student skipped | cluster=M25MBAG0144
Existing student skipped | cluster=M25MBAG0145
Existing student skipped | cluster=M25MBAG0146
Existing student skipped | cluster=M25MBAG0147
Existing student skipped | cluster=M25MBAG0148
Existing student skipped | cluster=M25MBAG0149
Existing student skipped | cluster=M25MBAG0150
Existing student skipped | cluster=M25MBAG0151
Existing student skipped | cluster=M25MBAG0152
Existing student skipped | cluster=M25MBAG0153
Existing student skipped | cluster=M25MBAG0154
Existing student skipped | cluster=M25MBAG0155
Existing student skipped | cluster=M25MBAG0156
Existing student skipped | cluster=M25MBAG0157
Existing student skipped | cluster=M25MBAG0158
Existing student skipped | cluster=M25MBAG0159
Existing student skipped | cluster=M25MBAG0160
Existing student skipped | cluster=M25MBAG0161
Existing student skipped | cluster=M25MBAG0162
Existing student skipped | cluster=M25MBAG0163
Existing student skipped | cluster=M25MBAG0164
Existing student skipped | cluster=M25MBAG0165
Existing student skipped | cluster=M25MBAG0166
Existing student skipped | cluster=M25MBAG0167
Existing student skipped | cluster=M25MBAG0168
Existing student skipped | cluster=M25MBAG0169
Existing student skipped | cluster=M25MBAG0170
Existing student skipped | cluster=M25MBAG0171
Existing student skipped | cluster=M25MBAG0172
Existing student skipped | cluster=M25MBAG0173
Existing student skipped | cluster=M25MBAG0174
Existing student skipped | cluster=M25MBAG0175
Existing student skipped | cluster=M25MBAG0176
Existing student skipped | cluster=M25MBAG0177
Existing student skipped | cluster=M25MBAG0178
Existing student skipped | cluster=M25MBAG0179
Existing student skipped | cluster=M25MBAG0180
Existing student skipped | cluster=M25MBAG0181
Existing student skipped | cluster=M25MBAG0182
Existing student skipped | cluster=M25MBAG0183
Existing student skipped | cluster=M25MBAG0184
Existing student skipped | cluster=M25MBAG0186
Existing student skipped | cluster=M25MBAG0187
Existing student skipped | cluster=M25MBAG0188
Existing student skipped | cluster=M25MBAG0189
Existing student skipped | cluster=M25MBAG0190
Existing student skipped | cluster=M25MBAG0191
Existing student skipped | cluster=M25MBAG0192
Existing student skipped | cluster=M25MBAG0193
Existing student skipped | cluster=M25MBAG0196
Existing student skipped | cluster=M25MBAG0197
Existing student skipped | cluster=M25MBAG0198
Existing student skipped | cluster=M25MBAG0199
Existing student skipped | cluster=M25MBAG0200
Existing student skipped | cluster=M25MBAG0201
Existing student skipped | cluster=M25MBAG0202
Existing student skipped | cluster=M25MBAG0203
Existing student skipped | cluster=M25MBAG0204
Existing student skipped | cluster=M25MBAG0205
Existing student skipped | cluster=M25MBAG0206
Existing student skipped | cluster=M25MBAG0207
Existing student skipped | cluster=M25MBAG0208
Existing student skipped | cluster=M25MBAG0209
Existing student skipped | cluster=M25MBAG0210
Existing student skipped | cluster=M25MBAG0211
Existing student skipped | cluster=M25MBAG0212
Existing student skipped | cluster=M25MBAG0213
Existing student skipped | cluster=M25MBAG0214
Existing student skipped | cluster=M25MBAG0215
Existing student skipped | cluster=M25MBAG0217
Existing student skipped | cluster=M25MBAG0218
Existing student skipped | cluster=M25MBAG0219
Existing student skipped | cluster=M25MBAG0220
Existing student skipped | cluster=M25MBAG0221
Existing student skipped | cluster=M25MBAG0222
Existing student skipped | cluster=M25MBAG0223
Existing student skipped | cluster=M25MBAG0224
Existing student skipped | cluster=M25MBAG0225
Existing student skipped | cluster=M25MBAG0226
Existing student skipped | cluster=M25SOMP0001
Existing student skipped | cluster=M25SOMP0002
Existing student skipped | cluster=M25SOMP0003
Existing student skipped | cluster=M25SOMP0004
Existing student skipped | cluster=M25SOMP0005
Existing student skipped | cluster=M25SOMP0006
Existing student skipped | cluster=M25SOMP0007
Existing student skipped | cluster=M25SOMP0008
Existing student skipped | cluster=M25SOMP0009
Existing student skipped | cluster=M25SOMP0010
Existing student skipped | cluster=M25SOMP0011
Existing student skipped | cluster=M25SOMP0012
Existing student skipped | cluster=S25BCAU0001
Existing student skipped | cluster=S25BCAU0002
Existing student skipped | cluster=S25BCAU0003
Existing student skipped | cluster=S25BCAU0004
Existing student skipped | cluster=S25BCAU0005
Existing student skipped | cluster=S25BCAU0006
Existing student skipped | cluster=S25BCAU0007
Existing student skipped | cluster=S25BCAU0008
Existing student skipped | cluster=S25BCAU0009
Existing student skipped | cluster=S25BCAU0010
Existing student skipped | cluster=S25BCAU0011
Existing student skipped | cluster=S25BCAU0012
Existing student skipped | cluster=S25BCAU0013
Existing student skipped | cluster=S25BCAU0014
Existing student skipped | cluster=S25BCAU0015
Existing student skipped | cluster=S25BCAU0016
Existing student skipped | cluster=S25BCAU0017
Existing student skipped | cluster=S25BCAU0018
Existing student skipped | cluster=S25BCAU0019
Existing student skipped | cluster=S25BCAU0020
Existing student skipped | cluster=S25BCAU0021
Existing student skipped | cluster=S25BCAU0022
Existing student skipped | cluster=S25BCAU0023
Existing student skipped | cluster=S25BCAU0024
Existing student skipped | cluster=S25BCAU0025
Existing student skipped | cluster=S25BCAU0026
Existing student skipped | cluster=S25BCAU0027
Existing student skipped | cluster=S25BCAU0028
Existing student skipped | cluster=S25BCAU0029
Existing student skipped | cluster=S25BCAU0030
Existing student skipped | cluster=S25BCAU0031
Existing student skipped | cluster=S25BCAU0032
Existing student skipped | cluster=S25BCAU0033
Existing student skipped | cluster=S25BCAU0034
Existing student skipped | cluster=S25BCAU0035
Existing student skipped | cluster=S25BCAU0036
Existing student skipped | cluster=S25BCAU0037
Existing student skipped | cluster=S25BCAU0038
Existing student skipped | cluster=S25BCAU0039
Existing student skipped | cluster=S25BCAU0040
Existing student skipped | cluster=S25BCAU0041
Existing student skipped | cluster=S25BCAU0042
Existing student skipped | cluster=S25BCAU0043
Existing student skipped | cluster=S25BCAU0044
Existing student skipped | cluster=S25BCAU0045
Existing student skipped | cluster=S25BCAU0046
Existing student skipped | cluster=S25BCAU0047
Existing student skipped | cluster=S25BCAU0048
Existing student skipped | cluster=S25BCAU0049
Existing student skipped | cluster=S25BCAU0050
Existing student skipped | cluster=S25BCAU0051
Existing student skipped | cluster=S25BCAU0052
Existing student skipped | cluster=S25BCAU0053
Existing student skipped | cluster=S25BCAU0054
Existing student skipped | cluster=S25BCAU0055
Existing student skipped | cluster=S25BCAU0056
Existing student skipped | cluster=S25BCAU0057
Existing student skipped | cluster=S25BCAU0058
Existing student skipped | cluster=S25BCAU0059
Existing student skipped | cluster=S25BCAU0060
Existing student skipped | cluster=S25BCAU0061
Existing student skipped | cluster=S25BCAU0062
Existing student skipped | cluster=S25BCAU0063
Existing student skipped | cluster=S25BCAU0064
Existing student skipped | cluster=S25BCAU0065
Existing student skipped | cluster=S25BCAU0066
Existing student skipped | cluster=S25BCAU0067
Existing student skipped | cluster=S25BCAU0068
Existing student skipped | cluster=S25BCAU0069
Existing student skipped | cluster=S25BCAU0070
Existing student skipped | cluster=S25BCAU0071
Existing student skipped | cluster=S25BCAU0072
Existing student skipped | cluster=S25BCAU0073
Existing student skipped | cluster=S25BCAU0075
Existing student skipped | cluster=S25BCAU0076
Existing student skipped | cluster=S25BCAU0077
Existing student skipped | cluster=S25BCAU0078
Existing student skipped | cluster=S25BCAU0079
Existing student skipped | cluster=S25BCAU0080
Existing student skipped | cluster=S25BCAU0082
Existing student skipped | cluster=S25BCAU0083
Existing student skipped | cluster=S25BCAU0084
Existing student skipped | cluster=S25BCAU0085
Existing student skipped | cluster=S25BCAU0086
Existing student skipped | cluster=S25BCAU0087
Existing student skipped | cluster=S25BCAU0088
Existing student skipped | cluster=S25BCAU0089
Existing student skipped | cluster=S25BCAU0090
Existing student skipped | cluster=S25BCAU0091
Existing student skipped | cluster=S25BCAU0092
Existing student skipped | cluster=S25BCAU0093
Existing student skipped | cluster=S25BCAU0094
Existing student skipped | cluster=S25BCAU0095
Existing student skipped | cluster=S25BCAU0096
Existing student skipped | cluster=S25BCAU0097
Existing student skipped | cluster=S25BCAU0098
Existing student skipped | cluster=S25BCAU0100
Existing student skipped | cluster=S25BCAU0101
Existing student skipped | cluster=S25BCAU0102
Existing student skipped | cluster=S25BCAU0103
Existing student skipped | cluster=S25BCAU0104
Existing student skipped | cluster=S25BCAU0105
Existing student skipped | cluster=S25BCAU0106
Existing student skipped | cluster=S25BCAU0107
Existing student skipped | cluster=S25BCAU0108
Existing student skipped | cluster=S25BCAU0109
Existing student skipped | cluster=S25BCAU0110
Existing student skipped | cluster=S25BCAU0111
Existing student skipped | cluster=S25BCAU0112
Existing student skipped | cluster=S25BCAU0113
Existing student skipped | cluster=S25BCAU0114
Existing student skipped | cluster=S25BCAU0115
Existing student skipped | cluster=S25BCAU0116
Existing student skipped | cluster=S25BCAU0117
Existing student skipped | cluster=S25BCAU0118
Existing student skipped | cluster=S25BCAU0119
Existing student skipped | cluster=S25BCAU0120
Existing student skipped | cluster=S25BCAU0121
Existing student skipped | cluster=S25BCAU0122
Existing student skipped | cluster=S25BCAU0123
Existing student skipped | cluster=S25BCAU0124
Existing student skipped | cluster=S25BCAU0126
Existing student skipped | cluster=S25BCAU0127
Existing student skipped | cluster=S25BCAU0128
Existing student skipped | cluster=S25BCAU0129
Existing student skipped | cluster=S25BCAU0130
Existing student skipped | cluster=S25BCAU0131
Existing student skipped | cluster=S25BCAU0132
Existing student skipped | cluster=S25BCAU0133
Existing student skipped | cluster=S25BCAU0134
Existing student skipped | cluster=S25BCAU0135
Existing student skipped | cluster=S25BCAU0136
Existing student skipped | cluster=S25BCAU0137
Existing student skipped | cluster=S25BCAU0138
Existing student skipped | cluster=S25BCAU0139
Existing student skipped | cluster=S25BCAU0140
Existing student skipped | cluster=S25BCAU0141
Existing student skipped | cluster=S25BCAU0142
Existing student skipped | cluster=S25BCAU0143
Existing student skipped | cluster=S25BCAU0144
Existing student skipped | cluster=S25BCAU0145
Existing student skipped | cluster=S25BCAU0146
Existing student skipped | cluster=S25BCAU0147
Existing student skipped | cluster=S25BCAU0148
Existing student skipped | cluster=S25BCAU0149
Existing student skipped | cluster=S25BCAU0150
Existing student skipped | cluster=S25BCAU0151
Existing student skipped | cluster=S25BCAU0152
Existing student skipped | cluster=S25BCAU0153
Existing student skipped | cluster=S25BCAU0154
Existing student skipped | cluster=S25BCAU0155
Existing student skipped | cluster=S25BCAU0156
Existing student skipped | cluster=S25BCAU0157
Existing student skipped | cluster=S25BCAU0158
Existing student skipped | cluster=S25BCAU0159
Existing student skipped | cluster=S25BCAU0160
Existing student skipped | cluster=S25BCAU0161
Existing student skipped | cluster=S25BCAU0162
Existing student skipped | cluster=S25BCAU0163
Existing student skipped | cluster=S25BCAU0164
Existing student skipped | cluster=S25BCAU0165
Existing student skipped | cluster=S25BCAU0166
Existing student skipped | cluster=S25BCAU0167
Existing student skipped | cluster=S25BCAU0168
Existing student skipped | cluster=S25BCAU0169
Existing student skipped | cluster=S25BCAU0170
Existing student skipped | cluster=S25BCAU0171
Existing student skipped | cluster=S25BCAU0172
Existing student skipped | cluster=S25BCAU0174
Existing student skipped | cluster=S25BCAU0175
Existing student skipped | cluster=S25BCAU0176
Existing student skipped | cluster=S25BCAU0177
Existing student skipped | cluster=S25BCAU0178
Existing student skipped | cluster=S25BCAU0179
Existing student skipped | cluster=S25BCAU0180
Existing student skipped | cluster=S25BCAU0181
Existing student skipped | cluster=S25BCAU0182
Existing student skipped | cluster=S25BCAU0183
Existing student skipped | cluster=S25BCAU0184
Existing student skipped | cluster=S25BCAU0186
Existing student skipped | cluster=S25BCAU0187
Existing student skipped | cluster=S25BCAU0188
Existing student skipped | cluster=S25BCAU0189
Existing student skipped | cluster=S25BCAU0190
Existing student skipped | cluster=S25BCAU0191
Existing student skipped | cluster=S25BCAU0192
Existing student skipped | cluster=S25BCAU0193
Existing student skipped | cluster=S25BCAU0194
Existing student skipped | cluster=S25BCAU0195
Existing student skipped | cluster=S25CSEGP0001
Existing student skipped | cluster=S25CSEGP0002
Existing student skipped | cluster=S25CSEGP0003
Existing student skipped | cluster=S25CSEGP0004
Existing student skipped | cluster=S25CSEGP0005
Existing student skipped | cluster=S25CSEGP0006
Existing student skipped | cluster=S25CSEGP0007
Existing student skipped | cluster=S25CSEGP0008
Existing student skipped | cluster=S25CSEGP0009
Existing student skipped | cluster=S25CSEU0002
Existing student skipped | cluster=S25CSEU0003
Existing student skipped | cluster=S25CSEU0004
Existing student skipped | cluster=S25CSEU0005
Existing student skipped | cluster=S25CSEU0006
Existing student skipped | cluster=S25CSEU0007
Existing student skipped | cluster=S25CSEU0008
Existing student skipped | cluster=S25CSEU0009
Existing student skipped | cluster=S25CSEU0010
Existing student skipped | cluster=S25CSEU0011
Existing student skipped | cluster=S25CSEU0012
Existing student skipped | cluster=S25CSEU0013
Existing student skipped | cluster=S25CSEU0014
Existing student skipped | cluster=S25CSEU0015
Existing student skipped | cluster=S25CSEU0016
Existing student skipped | cluster=S25CSEU0017
Existing student skipped | cluster=S25CSEU0018
Existing student skipped | cluster=S25CSEU0019
Existing student skipped | cluster=S25CSEU0020
Existing student skipped | cluster=S25CSEU0021
Existing student skipped | cluster=S25CSEU0022
Existing student skipped | cluster=S25CSEU0023
Existing student skipped | cluster=S25CSEU0024
Existing student skipped | cluster=S25CSEU0025
Existing student skipped | cluster=S25CSEU0026
Existing student skipped | cluster=S25CSEU0027
Existing student skipped | cluster=S25CSEU0028
Existing student skipped | cluster=S25CSEU0029
Existing student skipped | cluster=S25CSEU0030
Existing student skipped | cluster=S25CSEU0031
Existing student skipped | cluster=S25CSEU0032
Existing student skipped | cluster=S25CSEU0033
Existing student skipped | cluster=S25CSEU0034
Existing student skipped | cluster=S25CSEU0035
Existing student skipped | cluster=S25CSEU0036
Existing student skipped | cluster=S25CSEU0037
Existing student skipped | cluster=S25CSEU0038
Existing student skipped | cluster=S25CSEU0039
Existing student skipped | cluster=S25CSEU0040
Existing student skipped | cluster=S25CSEU0041
Existing student skipped | cluster=S25CSEU0042
Existing student skipped | cluster=S25CSEU0043
Existing student skipped | cluster=S25CSEU0044
Existing student skipped | cluster=S25CSEU0045
Existing student skipped | cluster=S25CSEU0046
Existing student skipped | cluster=S25CSEU0047
Existing student skipped | cluster=S25CSEU0048
Existing student skipped | cluster=S25CSEU0049
Existing student skipped | cluster=S25CSEU0050
Existing student skipped | cluster=S25CSEU0051
Existing student skipped | cluster=S25CSEU0052
Existing student skipped | cluster=S25CSEU0053
Existing student skipped | cluster=S25CSEU0054
Existing student skipped | cluster=S25CSEU0055
Existing student skipped | cluster=S25CSEU0056
Existing student skipped | cluster=S25CSEU0057
Existing student skipped | cluster=S25CSEU0058
Existing student skipped | cluster=S25CSEU0059
Existing student skipped | cluster=S25CSEU0060
Existing student skipped | cluster=S25CSEU0061
Existing student skipped | cluster=S25CSEU0062
Existing student skipped | cluster=S25CSEU0063
Existing student skipped | cluster=S25CSEU0064
Existing student skipped | cluster=S25CSEU0065
Existing student skipped | cluster=S25CSEU0066
Existing student skipped | cluster=S25CSEU0067
Existing student skipped | cluster=S25CSEU0068
Existing student skipped | cluster=S25CSEU0069
Existing student skipped | cluster=S25CSEU0070
Existing student skipped | cluster=S25CSEU0071
Existing student skipped | cluster=S25CSEU0072
Existing student skipped | cluster=S25CSEU0073
Existing student skipped | cluster=S25CSEU0074
Existing student skipped | cluster=S25CSEU0075
Existing student skipped | cluster=S25CSEU0076
Existing student skipped | cluster=S25CSEU0077
Existing student skipped | cluster=S25CSEU0078
Existing student skipped | cluster=S25CSEU0079
Existing student skipped | cluster=S25CSEU0080
Existing student skipped | cluster=S25CSEU0081
Existing student skipped | cluster=S25CSEU0082
Existing student skipped | cluster=S25CSEU0083
Existing student skipped | cluster=S25CSEU0084
Existing student skipped | cluster=S25CSEU0085
Existing student skipped | cluster=S25CSEU0086
Existing student skipped | cluster=S25CSEU0087
Existing student skipped | cluster=S25CSEU0088
Existing student skipped | cluster=S25CSEU0089
Existing student skipped | cluster=S25CSEU0090
Existing student skipped | cluster=S25CSEU0091
Existing student skipped | cluster=S25CSEU0092
Existing student skipped | cluster=S25CSEU0093
Existing student skipped | cluster=S25CSEU0094
Existing student skipped | cluster=S25CSEU0095
Existing student skipped | cluster=S25CSEU0096
Existing student skipped | cluster=S25CSEU0097
Existing student skipped | cluster=S25CSEU0098
Existing student skipped | cluster=S25CSEU0099
Existing student skipped | cluster=S25CSEU0100
Existing student skipped | cluster=S25CSEU0101
Existing student skipped | cluster=S25CSEU0102
Existing student skipped | cluster=S25CSEU0103
Existing student skipped | cluster=S25CSEU0104
Existing student skipped | cluster=S25CSEU0105
Existing student skipped | cluster=S25CSEU0106
Existing student skipped | cluster=S25CSEU0107
Existing student skipped | cluster=S25CSEU0108
Existing student skipped | cluster=S25CSEU0109
Existing student skipped | cluster=S25CSEU0110
Existing student skipped | cluster=S25CSEU0111
Existing student skipped | cluster=S25CSEU0112
Existing student skipped | cluster=S25CSEU0113
Existing student skipped | cluster=S25CSEU0114
Existing student skipped | cluster=S25CSEU0115
Existing student skipped | cluster=S25CSEU0116
Existing student skipped | cluster=S25CSEU0117
Existing student skipped | cluster=S25CSEU0118
Existing student skipped | cluster=S25CSEU0119
Existing student skipped | cluster=S25CSEU0120
Existing student skipped | cluster=S25CSEU0121
Existing student skipped | cluster=S25CSEU0122
Existing student skipped | cluster=S25CSEU0123
Existing student skipped | cluster=S25CSEU0124
Existing student skipped | cluster=S25CSEU0125
Existing student skipped | cluster=S25CSEU0126
Existing student skipped | cluster=S25CSEU0127
Existing student skipped | cluster=S25CSEU0128
Existing student skipped | cluster=S25CSEU0129
Existing student skipped | cluster=S25CSEU0130
Existing student skipped | cluster=S25CSEU0131
Existing student skipped | cluster=S25CSEU0132
Existing student skipped | cluster=S25CSEU0133
Existing student skipped | cluster=S25CSEU0134
Existing student skipped | cluster=S25CSEU0135
Existing student skipped | cluster=S25CSEU0136
Existing student skipped | cluster=S25CSEU0137
Existing student skipped | cluster=S25CSEU0138
Existing student skipped | cluster=S25CSEU0139
Existing student skipped | cluster=S25CSEU0140
Existing student skipped | cluster=S25CSEU0141
Existing student skipped | cluster=S25CSEU0142
Existing student skipped | cluster=S25CSEU0143
Existing student skipped | cluster=S25CSEU0144
Existing student skipped | cluster=S25CSEU0145
Existing student skipped | cluster=S25CSEU0146
Existing student skipped | cluster=S25CSEU0147
Existing student skipped | cluster=S25CSEU0148
Existing student skipped | cluster=S25CSEU0149
Existing student skipped | cluster=S25CSEU0150
Existing student skipped | cluster=S25CSEU0151
Existing student skipped | cluster=S25CSEU0152
Existing student skipped | cluster=S25CSEU0153
Existing student skipped | cluster=S25CSEU0154
Existing student skipped | cluster=S25CSEU0155
Existing student skipped | cluster=S25CSEU0156
Existing student skipped | cluster=S25CSEU0157
Existing student skipped | cluster=S25CSEU0158
Existing student skipped | cluster=S25CSEU0159
Existing student skipped | cluster=S25CSEU0160
Existing student skipped | cluster=S25CSEU0161
Existing student skipped | cluster=S25CSEU0162
Existing student skipped | cluster=S25CSEU0163
Existing student skipped | cluster=S25CSEU0164
Existing student skipped | cluster=S25CSEU0165
Existing student skipped | cluster=S25CSEU0166
Existing student skipped | cluster=S25CSEU0167
Existing student skipped | cluster=S25CSEU0168
Existing student skipped | cluster=S25CSEU0169
Existing student skipped | cluster=S25CSEU0170
Existing student skipped | cluster=S25CSEU0171
Existing student skipped | cluster=S25CSEU0172
Existing student skipped | cluster=S25CSEU0173
Existing student skipped | cluster=S25CSEU0174
Existing student skipped | cluster=S25CSEU0175
Existing student skipped | cluster=S25CSEU0176
Existing student skipped | cluster=S25CSEU0177
Existing student skipped | cluster=S25CSEU0178
Existing student skipped | cluster=S25CSEU0179
Existing student skipped | cluster=S25CSEU0180
Existing student skipped | cluster=S25CSEU0181
Existing student skipped | cluster=S25CSEU0182
Existing student skipped | cluster=S25CSEU0183
Existing student skipped | cluster=S25CSEU0184
Existing student skipped | cluster=S25CSEU0185
Existing student skipped | cluster=S25CSEU0186
Existing student skipped | cluster=S25CSEU0187
Existing student skipped | cluster=S25CSEU0188
Existing student skipped | cluster=S25CSEU0189
Existing student skipped | cluster=S25CSEU0190
Existing student skipped | cluster=S25CSEU0191
Existing student skipped | cluster=S25CSEU0192
Existing student skipped | cluster=S25CSEU0193
Existing student skipped | cluster=S25CSEU0194
Existing student skipped | cluster=S25CSEU0195
Existing student skipped | cluster=S25CSEU0196
Existing student skipped | cluster=S25CSEU0197
Existing student skipped | cluster=S25CSEU0198
Existing student skipped | cluster=S25CSEU0199
Existing student skipped | cluster=S25CSEU0200
Existing student skipped | cluster=S25CSEU0201
Existing student skipped | cluster=S25CSEU0202
Existing student skipped | cluster=S25CSEU0203
Existing student skipped | cluster=S25CSEU0204
Existing student skipped | cluster=S25CSEU0205
Existing student skipped | cluster=S25CSEU0206
Existing student skipped | cluster=S25CSEU0207
Existing student skipped | cluster=S25CSEU0208
Existing student skipped | cluster=S25CSEU0209
Existing student skipped | cluster=S25CSEU0210
Existing student skipped | cluster=S25CSEU0211
Existing student skipped | cluster=S25CSEU0212
Existing student skipped | cluster=S25CSEU0213
Existing student skipped | cluster=S25CSEU0214
Existing student skipped | cluster=S25CSEU0215
Existing student skipped | cluster=S25CSEU0216
Existing student skipped | cluster=S25CSEU0217
Existing student skipped | cluster=S25CSEU0218
Existing student skipped | cluster=S25CSEU0219
Existing student skipped | cluster=S25CSEU0220
Existing student skipped | cluster=S25CSEU0221
Existing student skipped | cluster=S25CSEU0222
Existing student skipped | cluster=S25CSEU0223
Existing student skipped | cluster=S25CSEU0224
Existing student skipped | cluster=S25CSEU0225
Existing student skipped | cluster=S25CSEU0226
Existing student skipped | cluster=S25CSEU0227
Existing student skipped | cluster=S25CSEU0228
Existing student skipped | cluster=S25CSEU0229
Existing student skipped | cluster=S25CSEU0230
Existing student skipped | cluster=S25CSEU0231
Existing student skipped | cluster=S25CSEU0232
Existing student skipped | cluster=S25CSEU0233
Existing student skipped | cluster=S25CSEU0234
Existing student skipped | cluster=S25CSEU0235
Existing student skipped | cluster=S25CSEU0236
Existing student skipped | cluster=S25CSEU0237
Existing student skipped | cluster=S25CSEU0238
Existing student skipped | cluster=S25CSEU0239
Existing student skipped | cluster=S25CSEU0240
Existing student skipped | cluster=S25CSEU0241
Existing student skipped | cluster=S25CSEU0242
Existing student skipped | cluster=S25CSEU0243
Existing student skipped | cluster=S25CSEU0244
Existing student skipped | cluster=S25CSEU0245
Existing student skipped | cluster=S25CSEU0246
Existing student skipped | cluster=S25CSEU0247
Existing student skipped | cluster=S25CSEU0248
Existing student skipped | cluster=S25CSEU0249
Existing student skipped | cluster=S25CSEU0250
Existing student skipped | cluster=S25CSEU0251
Existing student skipped | cluster=S25CSEU0252
Existing student skipped | cluster=S25CSEU0253
Existing student skipped | cluster=S25CSEU0254
Existing student skipped | cluster=S25CSEU0255
Existing student skipped | cluster=S25CSEU0256
Existing student skipped | cluster=S25CSEU0257
Existing student skipped | cluster=S25CSEU0258
Existing student skipped | cluster=S25CSEU0259
Existing student skipped | cluster=S25CSEU0260
Existing student skipped | cluster=S25CSEU0261
Existing student skipped | cluster=S25CSEU0262
Existing student skipped | cluster=S25CSEU0263
Existing student skipped | cluster=S25CSEU0264
Existing student skipped | cluster=S25CSEU0265
Existing student skipped | cluster=S25CSEU0266
Existing student skipped | cluster=S25CSEU0267
Existing student skipped | cluster=S25CSEU0268
Existing student skipped | cluster=S25CSEU0269
Existing student skipped | cluster=S25CSEU0270
Existing student skipped | cluster=S25CSEU0271
Existing student skipped | cluster=S25CSEU0272
Existing student skipped | cluster=S25CSEU0273
Existing student skipped | cluster=S25CSEU0274
Existing student skipped | cluster=S25CSEU0275
Existing student skipped | cluster=S25CSEU0276
Existing student skipped | cluster=S25CSEU0277
Existing student skipped | cluster=S25CSEU0278
Existing student skipped | cluster=S25CSEU0279
Existing student skipped | cluster=S25CSEU0280
Existing student skipped | cluster=S25CSEU0282
Existing student skipped | cluster=S25CSEU0283
Existing student skipped | cluster=S25CSEU0284
Existing student skipped | cluster=S25CSEU0285
Existing student skipped | cluster=S25CSEU0286
Existing student skipped | cluster=S25CSEU0287
Existing student skipped | cluster=S25CSEU0288
Existing student skipped | cluster=S25CSEU0289
Existing student skipped | cluster=S25CSEU0290
Existing student skipped | cluster=S25CSEU0291
Existing student skipped | cluster=S25CSEU0292
Existing student skipped | cluster=S25CSEU0293
Existing student skipped | cluster=S25CSEU0294
Existing student skipped | cluster=S25CSEU0295
Existing student skipped | cluster=S25CSEU0296
Existing student skipped | cluster=S25CSEU0297
Existing student skipped | cluster=S25CSEU0298
Existing student skipped | cluster=S25CSEU0299
Existing student skipped | cluster=S25CSEU0300
Existing student skipped | cluster=S25CSEU0301
Existing student skipped | cluster=S25CSEU0302
Existing student skipped | cluster=S25CSEU0303
Existing student skipped | cluster=S25CSEU0304
Existing student skipped | cluster=S25CSEU0305
Existing student skipped | cluster=S25CSEU0306
Existing student skipped | cluster=S25CSEU0307
Existing student skipped | cluster=S25CSEU0308
Existing student skipped | cluster=S25CSEU0309
Existing student skipped | cluster=S25CSEU0310
Existing student skipped | cluster=S25CSEU0311
Existing student skipped | cluster=S25CSEU0312
Existing student skipped | cluster=S25CSEU0313
Existing student skipped | cluster=S25CSEU0314
Existing student skipped | cluster=S25CSEU0315
Existing student skipped | cluster=S25CSEU0316
Existing student skipped | cluster=S25CSEU0317
Existing student skipped | cluster=S25CSEU0318
Existing student skipped | cluster=S25CSEU0319
Existing student skipped | cluster=S25CSEU0320
Existing student skipped | cluster=S25CSEU0321
Existing student skipped | cluster=S25CSEU0322
Existing student skipped | cluster=S25CSEU0323
Existing student skipped | cluster=S25CSEU0324
Existing student skipped | cluster=S25CSEU0325
Existing student skipped | cluster=S25CSEU0326
Existing student skipped | cluster=S25CSEU0327
Existing student skipped | cluster=S25CSEU0328
Existing student skipped | cluster=S25CSEU0329
Existing student skipped | cluster=S25CSEU0330
Existing student skipped | cluster=S25CSEU0331
Existing student skipped | cluster=S25CSEU0332
Existing student skipped | cluster=S25CSEU0333
Existing student skipped | cluster=S25CSEU0334
Existing student skipped | cluster=S25CSEU0335
Existing student skipped | cluster=S25CSEU0336
Existing student skipped | cluster=S25CSEU0337
Existing student skipped | cluster=S25CSEU0338
Existing student skipped | cluster=S25CSEU0339
Existing student skipped | cluster=S25CSEU0340
Existing student skipped | cluster=S25CSEU0341
Existing student skipped | cluster=S25CSEU0342
Existing student skipped | cluster=S25CSEU0343
Existing student skipped | cluster=S25CSEU0344
Existing student skipped | cluster=S25CSEU0345
Existing student skipped | cluster=S25CSEU0346
Existing student skipped | cluster=S25CSEU0347
Existing student skipped | cluster=S25CSEU0348
Existing student skipped | cluster=S25CSEU0349
Existing student skipped | cluster=S25CSEU0350
Existing student skipped | cluster=S25CSEU0351
Existing student skipped | cluster=S25CSEU0352
Existing student skipped | cluster=S25CSEU0353
Existing student skipped | cluster=S25CSEU0354
Existing student skipped | cluster=S25CSEU0355
Existing student skipped | cluster=S25CSEU0356
Existing student skipped | cluster=S25CSEU0357
Existing student skipped | cluster=S25CSEU0358
Existing student skipped | cluster=S25CSEU0360
Existing student skipped | cluster=S25CSEU0361
Existing student skipped | cluster=S25CSEU0362
Existing student skipped | cluster=S25CSEU0363
Existing student skipped | cluster=S25CSEU0364
Existing student skipped | cluster=S25CSEU0365
Existing student skipped | cluster=S25CSEU0366
Existing student skipped | cluster=S25CSEU0367
Existing student skipped | cluster=S25CSEU0368
Existing student skipped | cluster=S25CSEU0369
Existing student skipped | cluster=S25CSEU0370
Existing student skipped | cluster=S25CSEU0371
Existing student skipped | cluster=S25CSEU0372
Existing student skipped | cluster=S25CSEU0373
Existing student skipped | cluster=S25CSEU0374
Existing student skipped | cluster=S25CSEU0375
Existing student skipped | cluster=S25CSEU0376
Existing student skipped | cluster=S25CSEU0377
Existing student skipped | cluster=S25CSEU0378
Existing student skipped | cluster=S25CSEU0379
Existing student skipped | cluster=S25CSEU0380
Existing student skipped | cluster=S25CSEU0381
Existing student skipped | cluster=S25CSEU0382
Existing student skipped | cluster=S25CSEU0383
Existing student skipped | cluster=S25CSEU0384
Existing student skipped | cluster=S25CSEU0385
Existing student skipped | cluster=S25CSEU0386
Existing student skipped | cluster=S25CSEU0387
Existing student skipped | cluster=S25CSEU0388
Existing student skipped | cluster=S25CSEU0389
Existing student skipped | cluster=S25CSEU0390
Existing student skipped | cluster=S25CSEU0391
Existing student skipped | cluster=S25CSEU0392
Existing student skipped | cluster=S25CSEU0393
Existing student skipped | cluster=S25CSEU0394
Existing student skipped | cluster=S25CSEU0395
Existing student skipped | cluster=S25CSEU0396
Existing student skipped | cluster=S25CSEU0397
Existing student skipped | cluster=S25CSEU0398
Existing student skipped | cluster=S25CSEU0399
Existing student skipped | cluster=S25CSEU0400
Existing student skipped | cluster=S25CSEU0401
Existing student skipped | cluster=S25CSEU0402
Existing student skipped | cluster=S25CSEU0403
Existing student skipped | cluster=S25CSEU0404
Existing student skipped | cluster=S25CSEU0405
Existing student skipped | cluster=S25CSEU0406
Existing student skipped | cluster=S25CSEU0407
Existing student skipped | cluster=S25CSEU0408
Existing student skipped | cluster=S25CSEU0409
Existing student skipped | cluster=S25CSEU0410
Existing student skipped | cluster=S25CSEU0411
Existing student skipped | cluster=S25CSEU0412
Existing student skipped | cluster=S25CSEU0413
Existing student skipped | cluster=S25CSEU0414
Existing student skipped | cluster=S25CSEU0415
Existing student skipped | cluster=S25CSEU0416
Existing student skipped | cluster=S25CSEU0417
Existing student skipped | cluster=S25CSEU0418
Existing student skipped | cluster=S25CSEU0419
Existing student skipped | cluster=S25CSEU0420
Existing student skipped | cluster=S25CSEU0421
Existing student skipped | cluster=S25CSEU0422
Existing student skipped | cluster=S25CSEU0423
Existing student skipped | cluster=S25CSEU0424
Existing student skipped | cluster=S25CSEU0425
Existing student skipped | cluster=S25CSEU0426
Existing student skipped | cluster=S25CSEU0427
Existing student skipped | cluster=S25CSEU0428
Existing student skipped | cluster=S25CSEU0429
Existing student skipped | cluster=S25CSEU0430
Existing student skipped | cluster=S25CSEU0431
Existing student skipped | cluster=S25CSEU0432
Existing student skipped | cluster=S25CSEU0433
Existing student skipped | cluster=S25CSEU0434
Existing student skipped | cluster=S25CSEU0435
Existing student skipped | cluster=S25CSEU0436
Existing student skipped | cluster=S25CSEU0437
Existing student skipped | cluster=S25CSEU0438
Existing student skipped | cluster=S25CSEU0439
Existing student skipped | cluster=S25CSEU0440
Existing student skipped | cluster=S25CSEU0441
Existing student skipped | cluster=S25CSEU0442
Existing student skipped | cluster=S25CSEU0443
Existing student skipped | cluster=S25CSEU0444
Existing student skipped | cluster=S25CSEU0445
Existing student skipped | cluster=S25CSEU0446
Existing student skipped | cluster=S25CSEU0447
Existing student skipped | cluster=S25CSEU0448
Existing student skipped | cluster=S25CSEU0449
Existing student skipped | cluster=S25CSEU0450
Existing student skipped | cluster=S25CSEU0451
Existing student skipped | cluster=S25CSEU0452
Existing student skipped | cluster=S25CSEU0453
Existing student skipped | cluster=S25CSEU0454
Existing student skipped | cluster=S25CSEU0455
Existing student skipped | cluster=S25CSEU0456
Existing student skipped | cluster=S25CSEU0457
Existing student skipped | cluster=S25CSEU0458
Existing student skipped | cluster=S25CSEU0459
Existing student skipped | cluster=S25CSEU0460
Existing student skipped | cluster=S25CSEU0461
Existing student skipped | cluster=S25CSEU0462
Existing student skipped | cluster=S25CSEU0463
Existing student skipped | cluster=S25CSEU0464
Existing student skipped | cluster=S25CSEU0465
Existing student skipped | cluster=S25CSEU0466
Existing student skipped | cluster=S25CSEU0467
Existing student skipped | cluster=S25CSEU0468
Existing student skipped | cluster=S25CSEU0469
Existing student skipped | cluster=S25CSEU0470
Existing student skipped | cluster=S25CSEU0471
Existing student skipped | cluster=S25CSEU0472
Existing student skipped | cluster=S25CSEU0473
Existing student skipped | cluster=S25CSEU0474
Existing student skipped | cluster=S25CSEU0475
Existing student skipped | cluster=S25CSEU0476
Existing student skipped | cluster=S25CSEU0477
Existing student skipped | cluster=S25CSEU0478
Existing student skipped | cluster=S25CSEU0479
Existing student skipped | cluster=S25CSEU0480
Existing student skipped | cluster=S25CSEU0481
Existing student skipped | cluster=S25CSEU0482
Existing student skipped | cluster=S25CSEU0483
Existing student skipped | cluster=S25CSEU0484
Existing student skipped | cluster=S25CSEU0485
Existing student skipped | cluster=S25CSEU0486
Existing student skipped | cluster=S25CSEU0487
Existing student skipped | cluster=S25CSEU0488
Existing student skipped | cluster=S25CSEU0489
Existing student skipped | cluster=S25CSEU0490
Existing student skipped | cluster=S25CSEU0491
Existing student skipped | cluster=S25CSEU0492
Existing student skipped | cluster=S25CSEU0493
Existing student skipped | cluster=S25CSEU0494
Existing student skipped | cluster=S25CSEU0495
Existing student skipped | cluster=S25CSEU0496
Existing student skipped | cluster=S25CSEU0497
Existing student skipped | cluster=S25CSEU0498
Existing student skipped | cluster=S25CSEU0499
Existing student skipped | cluster=S25CSEU0500
Existing student skipped | cluster=S25CSEU0501
Existing student skipped | cluster=S25CSEU0502
Existing student skipped | cluster=S25CSEU0503
Existing student skipped | cluster=S25CSEU0504
Existing student skipped | cluster=S25CSEU0505
Existing student skipped | cluster=S25CSEU0506
Existing student skipped | cluster=S25CSEU0507
Existing student skipped | cluster=S25CSEU0508
Existing student skipped | cluster=S25CSEU0509
Existing student skipped | cluster=S25CSEU0510
Existing student skipped | cluster=S25CSEU0511
Existing student skipped | cluster=S25CSEU0512
Existing student skipped | cluster=S25CSEU0513
Existing student skipped | cluster=S25CSEU0514
Existing student skipped | cluster=S25CSEU0515
Existing student skipped | cluster=S25CSEU0516
Existing student skipped | cluster=S25CSEU0517
Existing student skipped | cluster=S25CSEU0518
Existing student skipped | cluster=S25CSEU0519
Existing student skipped | cluster=S25CSEU0520
Existing student skipped | cluster=S25CSEU0521
Existing student skipped | cluster=S25CSEU0522
Existing student skipped | cluster=S25CSEU0523
Existing student skipped | cluster=S25CSEU0524
Existing student skipped | cluster=S25CSEU0525
Existing student skipped | cluster=S25CSEU0526
Existing student skipped | cluster=S25CSEU0527
Existing student skipped | cluster=S25CSEU0528
Existing student skipped | cluster=S25CSEU0529
Existing student skipped | cluster=S25CSEU0530
Existing student skipped | cluster=S25CSEU0531
Existing student skipped | cluster=S25CSEU0532
Existing student skipped | cluster=S25CSEU0533
Existing student skipped | cluster=S25CSEU0534
Existing student skipped | cluster=S25CSEU0535
Existing student skipped | cluster=S25CSEU0536
Existing student skipped | cluster=S25CSEU0537
Existing student skipped | cluster=S25CSEU0538
Existing student skipped | cluster=S25CSEU0539
Existing student skipped | cluster=S25CSEU0540
Existing student skipped | cluster=S25CSEU0541
Existing student skipped | cluster=S25CSEU0542
Existing student skipped | cluster=S25CSEU0543
Existing student skipped | cluster=S25CSEU0544
Existing student skipped | cluster=S25CSEU0545
Existing student skipped | cluster=S25CSEU0546
Existing student skipped | cluster=S25CSEU0547
Existing student skipped | cluster=S25CSEU0548
Existing student skipped | cluster=S25CSEU0549
Existing student skipped | cluster=S25CSEU0550
Existing student skipped | cluster=S25CSEU0551
Existing student skipped | cluster=S25CSEU0552
Existing student skipped | cluster=S25CSEU0553
Existing student skipped | cluster=S25CSEU0554
Existing student skipped | cluster=S25CSEU0555
Existing student skipped | cluster=S25CSEU0556
Existing student skipped | cluster=S25CSEU0557
Existing student skipped | cluster=S25CSEU0558
Existing student skipped | cluster=S25CSEU0559
Existing student skipped | cluster=S25CSEU0560
Existing student skipped | cluster=S25CSEU0561
Existing student skipped | cluster=S25CSEU0562
Existing student skipped | cluster=S25CSEU0563
Existing student skipped | cluster=S25CSEU0564
Existing student skipped | cluster=S25CSEU0565
Existing student skipped | cluster=S25CSEU0566
Existing student skipped | cluster=S25CSEU0567
Existing student skipped | cluster=S25CSEU0568
Existing student skipped | cluster=S25CSEU0569
Existing student skipped | cluster=S25CSEU0570
Existing student skipped | cluster=S25CSEU0571
Existing student skipped | cluster=S25CSEU0572
Existing student skipped | cluster=S25CSEU0573
Existing student skipped | cluster=S25CSEU0574
Existing student skipped | cluster=S25CSEU0575
Existing student skipped | cluster=S25CSEU0576
Existing student skipped | cluster=S25CSEU0577
Existing student skipped | cluster=S25CSEU0578
Existing student skipped | cluster=S25CSEU0579
Existing student skipped | cluster=S25CSEU0580
Existing student skipped | cluster=S25CSEU0581
Existing student skipped | cluster=S25CSEU0582
Existing student skipped | cluster=S25CSEU0583
Existing student skipped | cluster=S25CSEU0584
Existing student skipped | cluster=S25CSEU0585
Existing student skipped | cluster=S25CSEU0586
Existing student skipped | cluster=S25CSEU0587
Existing student skipped | cluster=S25CSEU0588
Existing student skipped | cluster=S25CSEU0589
Existing student skipped | cluster=S25CSEU0590
Existing student skipped | cluster=S25CSEU0591
Existing student skipped | cluster=S25CSEU0592
Existing student skipped | cluster=S25CSEU0593
Existing student skipped | cluster=S25CSEU0594
Existing student skipped | cluster=S25CSEU0595
Existing student skipped | cluster=S25CSEU0596
Existing student skipped | cluster=S25CSEU0597
Existing student skipped | cluster=S25CSEU0598
Existing student skipped | cluster=S25CSEU0599
Existing student skipped | cluster=S25CSEU0600
Existing student skipped | cluster=S25CSEU0601
Existing student skipped | cluster=S25CSEU0602
Existing student skipped | cluster=S25CSEU0603
Existing student skipped | cluster=S25CSEU0604
Existing student skipped | cluster=S25CSEU0605
Existing student skipped | cluster=S25CSEU0606
Existing student skipped | cluster=S25CSEU0607
Existing student skipped | cluster=S25CSEU0608
Existing student skipped | cluster=S25CSEU0609
Existing student skipped | cluster=S25CSEU0610
Existing student skipped | cluster=S25CSEU0611
Existing student skipped | cluster=S25CSEU0612
Existing student skipped | cluster=S25CSEU0613
Existing student skipped | cluster=S25CSEU0614
Existing student skipped | cluster=S25CSEU0615
Existing student skipped | cluster=S25CSEU0616
Existing student skipped | cluster=S25CSEU0617
Existing student skipped | cluster=S25CSEU0618
Existing student skipped | cluster=S25CSEU0619
Existing student skipped | cluster=S25CSEU0620
Existing student skipped | cluster=S25CSEU0621
Existing student skipped | cluster=S25CSEU0622
Existing student skipped | cluster=S25CSEU0623
Existing student skipped | cluster=S25CSEU0624
Existing student skipped | cluster=S25CSEU0625
Existing student skipped | cluster=S25CSEU0626
Existing student skipped | cluster=S25CSEU0627
Existing student skipped | cluster=S25CSEU0628
Existing student skipped | cluster=S25CSEU0629
Existing student skipped | cluster=S25CSEU0630
Existing student skipped | cluster=S25CSEU0631
Existing student skipped | cluster=S25CSEU0632
Existing student skipped | cluster=S25CSEU0633
Existing student skipped | cluster=S25CSEU0634
Existing student skipped | cluster=S25CSEU0635
Existing student skipped | cluster=S25CSEU0637
Existing student skipped | cluster=S25CSEU0638
Existing student skipped | cluster=S25CSEU0639
Existing student skipped | cluster=S25CSEU0640
Existing student skipped | cluster=S25CSEU0641
Existing student skipped | cluster=S25CSEU0642
Existing student skipped | cluster=S25CSEU0643
Existing student skipped | cluster=S25CSEU0644
Existing student skipped | cluster=S25CSEU0645
Existing student skipped | cluster=S25CSEU0646
Existing student skipped | cluster=S25CSEU0647
Existing student skipped | cluster=S25CSEU0648
Existing student skipped | cluster=S25CSEU0649
Existing student skipped | cluster=S25CSEU0650
Existing student skipped | cluster=S25CSEU0651
Existing student skipped | cluster=S25CSEU0652
Existing student skipped | cluster=S25CSEU0653
Existing student skipped | cluster=S25CSEU0654
Existing student skipped | cluster=S25CSEU0655
Existing student skipped | cluster=S25CSEU0656
Existing student skipped | cluster=S25CSEU0657
Existing student skipped | cluster=S25CSEU0658
Existing student skipped | cluster=S25CSEU0659
Existing student skipped | cluster=S25CSEU0661
Existing student skipped | cluster=S25CSEU0662
Existing student skipped | cluster=S25CSEU0663
Existing student skipped | cluster=S25CSEU0664
Existing student skipped | cluster=S25CSEU0665
Existing student skipped | cluster=S25CSEU0666
Existing student skipped | cluster=S25CSEU0667
Existing student skipped | cluster=S25CSEU0668
Existing student skipped | cluster=S25CSEU0670
Existing student skipped | cluster=S25CSEU0671
Existing student skipped | cluster=S25CSEU0673
Existing student skipped | cluster=S25CSEU0674
Existing student skipped | cluster=S25CSEU0675
Existing student skipped | cluster=S25CSEU0676
Existing student skipped | cluster=S25CSEU0677
Existing student skipped | cluster=S25CSEU0678
Existing student skipped | cluster=S25CSEU0679
Existing student skipped | cluster=S25CSEU0680
Existing student skipped | cluster=S25CSEU0681
Existing student skipped | cluster=S25CSEU0682
Existing student skipped | cluster=S25CSEU0683
Existing student skipped | cluster=S25CSEU0684
Existing student skipped | cluster=S25CSEU0685
Existing student skipped | cluster=S25CSEU0686
Existing student skipped | cluster=S25CSEU0687
Existing student skipped | cluster=S25CSEU0688
Existing student skipped | cluster=S25CSEU0689
Existing student skipped | cluster=S25CSEU0690
Existing student skipped | cluster=S25CSEU0691
Existing student skipped | cluster=S25CSEU0692
Existing student skipped | cluster=S25CSEU0693
Existing student skipped | cluster=S25CSEU0694
Existing student skipped | cluster=S25CSEU0695
Existing student skipped | cluster=S25CSEU0696
Existing student skipped | cluster=S25CSEU0698
Existing student skipped | cluster=S25CSEU0699
Existing student skipped | cluster=S25CSEU0700
Existing student skipped | cluster=S25CSEU0701
Existing student skipped | cluster=S25CSEU0702
Existing student skipped | cluster=S25CSEU0703
Existing student skipped | cluster=S25CSEU0704
Existing student skipped | cluster=S25CSEU0705
Existing student skipped | cluster=S25CSEU0706
Existing student skipped | cluster=S25CSEU0707
Existing student skipped | cluster=S25CSEU0708
Existing student skipped | cluster=S25CSEU0709
Existing student skipped | cluster=S25CSEU0710
Existing student skipped | cluster=S25CSEU0711
Existing student skipped | cluster=S25CSEU0712
Existing student skipped | cluster=S25CSEU0713
Existing student skipped | cluster=S25CSEU0714
Existing student skipped | cluster=S25CSEU0715
Existing student skipped | cluster=S25CSEU0716
Existing student skipped | cluster=S25CSEU0717
Existing student skipped | cluster=S25CSEU0718
Existing student skipped | cluster=S25CSEU0719
Existing student skipped | cluster=S25CSEU0720
Existing student skipped | cluster=S25CSEU0721
Existing student skipped | cluster=S25CSEU0722
Existing student skipped | cluster=S25CSEU0723
Existing student skipped | cluster=S25CSEU0725
Existing student skipped | cluster=S25CSEU0726
Existing student skipped | cluster=S25CSEU0727
Existing student skipped | cluster=S25CSEU0728
Existing student skipped | cluster=S25CSEU0729
Existing student skipped | cluster=S25CSEU0730
Existing student skipped | cluster=S25CSEU0731
Existing student skipped | cluster=S25CSEU0732
Existing student skipped | cluster=S25CSEU0733
Existing student skipped | cluster=S25CSEU0734
Existing student skipped | cluster=S25CSEU0735
Existing student skipped | cluster=S25CSEU0736
Existing student skipped | cluster=S25CSEU0737
Existing student skipped | cluster=S25CSEU0738
Existing student skipped | cluster=S25CSEU0739
Existing student skipped | cluster=S25CSEU0740
Existing student skipped | cluster=S25CSEU0741
Existing student skipped | cluster=S25CSEU0742
Existing student skipped | cluster=S25CSEU0743
Existing student skipped | cluster=S25CSEU0744
Existing student skipped | cluster=S25CSEU0745
Existing student skipped | cluster=S25CSEU0746
Existing student skipped | cluster=S25CSEU0747
Existing student skipped | cluster=S25CSEU0748
Existing student skipped | cluster=S25CSEU0749
Existing student skipped | cluster=S25CSEU0750
Existing student skipped | cluster=S25CSEU0751
Existing student skipped | cluster=S25CSEU0752
Existing student skipped | cluster=S25CSEU0753
Existing student skipped | cluster=S25CSEU0754
Existing student skipped | cluster=S25CSEU0755
Existing student skipped | cluster=S25CSEU0756
Existing student skipped | cluster=S25CSEU0757
Existing student skipped | cluster=S25CSEU0758
Existing student skipped | cluster=S25CSEU0759
Existing student skipped | cluster=S25CSEU0760
Existing student skipped | cluster=S25CSEU0761
Existing student skipped | cluster=S25CSEU0762
Existing student skipped | cluster=S25CSEU0763
Existing student skipped | cluster=S25CSEU0764
Existing student skipped | cluster=S25CSEU0765
Existing student skipped | cluster=S25CSEU0766
Existing student skipped | cluster=S25CSEU0767
Existing student skipped | cluster=S25CSEU0768
Existing student skipped | cluster=S25CSEU0769
Existing student skipped | cluster=S25CSEU0770
Existing student skipped | cluster=S25CSEU0771
Existing student skipped | cluster=S25CSEU0772
Existing student skipped | cluster=S25CSEU0773
Existing student skipped | cluster=S25CSEU0774
Existing student skipped | cluster=S25CSEU0775
Existing student skipped | cluster=S25CSEU0776
Existing student skipped | cluster=S25CSEU0777
Existing student skipped | cluster=S25CSEU0778
Existing student skipped | cluster=S25CSEU0779
Existing student skipped | cluster=S25CSEU0780
Existing student skipped | cluster=S25CSEU0781
Existing student skipped | cluster=S25CSEU0782
Existing student skipped | cluster=S25CSEU0783
Existing student skipped | cluster=S25CSEU0784
Existing student skipped | cluster=S25CSEU0785
Existing student skipped | cluster=S25CSEU0786
Existing student skipped | cluster=S25CSEU0787
Existing student skipped | cluster=S25CSEU0788
Existing student skipped | cluster=S25CSEU0789
Existing student skipped | cluster=S25CSEU0790
Existing student skipped | cluster=S25CSEU0791
Existing student skipped | cluster=S25CSEU0792
Existing student skipped | cluster=S25CSEU0793
Existing student skipped | cluster=S25CSEU0794
Existing student skipped | cluster=S25CSEU0795
Existing student skipped | cluster=S25CSEU0796
Existing student skipped | cluster=S25CSEU0797
Existing student skipped | cluster=S25CSEU0798
Existing student skipped | cluster=S25CSEU0799
Existing student skipped | cluster=S25CSEU0800
Existing student skipped | cluster=S25CSEU0801
Existing student skipped | cluster=S25CSEU0802
Existing student skipped | cluster=S25CSEU0803
Existing student skipped | cluster=S25CSEU0804
Existing student skipped | cluster=S25CSEU0805
Existing student skipped | cluster=S25CSEU0806
Existing student skipped | cluster=S25CSEU0807
Existing student skipped | cluster=S25CSEU0808
Existing student skipped | cluster=S25CSEU0809
Existing student skipped | cluster=S25CSEU0810
Existing student skipped | cluster=S25CSEU0811
Existing student skipped | cluster=S25CSEU0812
Existing student skipped | cluster=S25CSEU0813
Existing student skipped | cluster=S25CSEU0814
Existing student skipped | cluster=S25CSEU0815
Existing student skipped | cluster=S25CSEU0816
Existing student skipped | cluster=S25CSEU0817
Existing student skipped | cluster=S25CSEU0818
Existing student skipped | cluster=S25CSEU0819
Existing student skipped | cluster=S25CSEU0820
Existing student skipped | cluster=S25CSEU0821
Existing student skipped | cluster=S25CSEU0822
Existing student skipped | cluster=S25CSEU0823
Existing student skipped | cluster=S25CSEU0824
Existing student skipped | cluster=S25CSEU0825
Existing student skipped | cluster=S25CSEU0826
Existing student skipped | cluster=S25CSEU0827
Existing student skipped | cluster=S25CSEU0828
Existing student skipped | cluster=S25CSEU0829
Existing student skipped | cluster=S25CSEU0830
Existing student skipped | cluster=S25CSEU0831
Existing student skipped | cluster=S25CSEU0832
Existing student skipped | cluster=S25CSEU0833
Existing student skipped | cluster=S25CSEU0834
Existing student skipped | cluster=S25CSEU0835
Existing student skipped | cluster=S25CSEU0836
Existing student skipped | cluster=S25CSEU0837
Existing student skipped | cluster=S25CSEU0838
Existing student skipped | cluster=S25CSEU0839
Existing student skipped | cluster=S25CSEU0840
Existing student skipped | cluster=S25CSEU0841
Existing student skipped | cluster=S25CSEU0842
Existing student skipped | cluster=S25CSEU0843
Existing student skipped | cluster=S25CSEU0844
Existing student skipped | cluster=S25CSEU0845
Existing student skipped | cluster=S25CSEU0846
Existing student skipped | cluster=S25CSEU0847
Existing student skipped | cluster=S25CSEU0848
Existing student skipped | cluster=S25CSEU0849
Existing student skipped | cluster=S25CSEU0850
Existing student skipped | cluster=S25CSEU0851
Existing student skipped | cluster=S25CSEU0852
Existing student skipped | cluster=S25CSEU0853
Existing student skipped | cluster=S25CSEU0854
Existing student skipped | cluster=S25CSEU0855
Existing student skipped | cluster=S25CSEU0856
Existing student skipped | cluster=S25CSEU0857
Existing student skipped | cluster=S25CSEU0858
Existing student skipped | cluster=S25CSEU0859
Existing student skipped | cluster=S25CSEU0860
Existing student skipped | cluster=S25CSEU0861
Existing student skipped | cluster=S25CSEU0862
Existing student skipped | cluster=S25CSEU0863
Existing student skipped | cluster=S25CSEU0864
Existing student skipped | cluster=S25CSEU0865
Existing student skipped | cluster=S25CSEU0866
Existing student skipped | cluster=S25CSEU0867
Existing student skipped | cluster=S25CSEU0868
Existing student skipped | cluster=S25CSEU0869
Existing student skipped | cluster=S25CSEU0870
Existing student skipped | cluster=S25CSEU0871
Existing student skipped | cluster=S25CSEU0872
Existing student skipped | cluster=S25CSEU0873
Existing student skipped | cluster=S25CSEU0874
Existing student skipped | cluster=S25CSEU0875
Existing student skipped | cluster=S25CSEU0876
Existing student skipped | cluster=S25CSEU0877
Existing student skipped | cluster=S25CSEU0878
Existing student skipped | cluster=S25CSEU0879
Existing student skipped | cluster=S25CSEU0880
Existing student skipped | cluster=S25CSEU0881
Existing student skipped | cluster=S25CSEU0882
Existing student skipped | cluster=S25CSEU0883
Existing student skipped | cluster=S25CSEU0884
Existing student skipped | cluster=S25CSEU0885
Existing student skipped | cluster=S25CSEU0886
Existing student skipped | cluster=S25CSEU0887
Existing student skipped | cluster=S25CSEU0888
Existing student skipped | cluster=S25CSEU0889
Existing student skipped | cluster=S25CSEU0890
Existing student skipped | cluster=S25CSEU0891
Existing student skipped | cluster=S25CSEU0892
Existing student skipped | cluster=S25CSEU0893
Existing student skipped | cluster=S25CSEU0894
Existing student skipped | cluster=S25CSEU0895
Existing student skipped | cluster=S25CSEU0896
Existing student skipped | cluster=S25CSEU0897
Existing student skipped | cluster=S25CSEU0898
Existing student skipped | cluster=S25CSEU0899
Existing student skipped | cluster=S25CSEU0900
Existing student skipped | cluster=S25CSEU0901
Existing student skipped | cluster=S25CSEU0902
Existing student skipped | cluster=S25CSEU0903
Existing student skipped | cluster=S25CSEU0904
Existing student skipped | cluster=S25CSEU0906
Existing student skipped | cluster=S25CSEU0907
Existing student skipped | cluster=S25CSEU0908
Existing student skipped | cluster=S25CSEU0909
Existing student skipped | cluster=S25CSEU0910
Existing student skipped | cluster=S25CSEU0911
Existing student skipped | cluster=S25CSEU0912
Existing student skipped | cluster=S25CSEU0913
Existing student skipped | cluster=S25CSEU0914
Existing student skipped | cluster=S25CSEU0915
Existing student skipped | cluster=S25CSEU0916
Existing student skipped | cluster=S25CSEU0917
Existing student skipped | cluster=S25CSEU0918
Existing student skipped | cluster=S25CSEU0919
Existing student skipped | cluster=S25CSEU0920
Existing student skipped | cluster=S25CSEU0921
Existing student skipped | cluster=S25CSEU0922
Existing student skipped | cluster=S25CSEU0923
Existing student skipped | cluster=S25CSEU0925
Existing student skipped | cluster=S25CSEU0926
Existing student skipped | cluster=S25CSEU0927
Existing student skipped | cluster=S25CSEU0928
Existing student skipped | cluster=S25CSEU0929
Existing student skipped | cluster=S25CSEU0930
Existing student skipped | cluster=S25CSEU0931
Existing student skipped | cluster=S25CSEU0932
Existing student skipped | cluster=S25CSEU0933
Existing student skipped | cluster=S25CSEU0934
Existing student skipped | cluster=S25CSEU0935
Existing student skipped | cluster=S25CSEU0936
Existing student skipped | cluster=S25CSEU0937
Existing student skipped | cluster=S25CSEU0938
Existing student skipped | cluster=S25CSEU0939
Existing student skipped | cluster=S25CSEU0940
Existing student skipped | cluster=S25CSEU0941
Existing student skipped | cluster=S25CSEU0942
Existing student skipped | cluster=S25CSEU0943
Existing student skipped | cluster=S25CSEU0944
Existing student skipped | cluster=S25CSEU0945
Existing student skipped | cluster=S25CSEU0946
Existing student skipped | cluster=S25CSEU0947
Existing student skipped | cluster=S25CSEU0948
Existing student skipped | cluster=S25CSEU0949
Existing student skipped | cluster=S25CSEU0950
Existing student skipped | cluster=S25CSEU0951
Existing student skipped | cluster=S25CSEU0952
Existing student skipped | cluster=S25CSEU0953
Existing student skipped | cluster=S25CSEU0954
Existing student skipped | cluster=S25CSEU0955
Existing student skipped | cluster=S25CSEU0956
Existing student skipped | cluster=S25CSEU0957
Existing student skipped | cluster=S25CSEU0958
Existing student skipped | cluster=S25CSEU0959
Existing student skipped | cluster=S25CSEU0960
Existing student skipped | cluster=S25CSEU0961
Existing student skipped | cluster=M25BBAU0535
Existing student skipped | cluster=S25CSEU0963
Existing student skipped | cluster=S25CSEU0964
Existing student skipped | cluster=S25CSEU0965
Existing student skipped | cluster=S25CSEU0966
Existing student skipped | cluster=S25CSEU0967
Existing student skipped | cluster=S25CSEU0968
Existing student skipped | cluster=S25CSEU0969
Existing student skipped | cluster=S25CSEU0970
Existing student skipped | cluster=S25CSEU0971
Existing student skipped | cluster=S25CSEU0972
Existing student skipped | cluster=S25CSEU0973
Existing student skipped | cluster=S25CSEU0974
Existing student skipped | cluster=S25CSEU0975
Existing student skipped | cluster=S25CSEU0976
Existing student skipped | cluster=S25CSEU0977
Existing student skipped | cluster=S25CSEU0978
Existing student skipped | cluster=S25CSEU0979
Existing student skipped | cluster=S25CSEU0980
Existing student skipped | cluster=S25CSEU0981
Existing student skipped | cluster=S25CSEU0982
Existing student skipped | cluster=S25CSEU0983
Existing student skipped | cluster=S25CSEU0984
Existing student skipped | cluster=S25CSEU0985
Existing student skipped | cluster=S25CSEU0986
Existing student skipped | cluster=S25CSEU0987
Existing student skipped | cluster=S25CSEU0988
Existing student skipped | cluster=S25CSEU0989
Existing student skipped | cluster=S25CSEU0990
Existing student skipped | cluster=S25CSEU0991
Existing student skipped | cluster=S25CSEU0992
Existing student skipped | cluster=S25CSEU0993
Existing student skipped | cluster=S25CSEU0994
Existing student skipped | cluster=S25CSEU0995
Existing student skipped | cluster=S25CSEU0996
Existing student skipped | cluster=S25CSEU0997
Existing student skipped | cluster=S25CSEU0998
Existing student skipped | cluster=S25CSEU0999
Existing student skipped | cluster=S25CSEU1000
Existing student skipped | cluster=S25CSEU1001
Existing student skipped | cluster=S25CSEU1002
Existing student skipped | cluster=S25CSEU1003
Existing student skipped | cluster=S25CSEU1004
Existing student skipped | cluster=S25CSEU1005
Existing student skipped | cluster=S25CSEU1006
Existing student skipped | cluster=S25CSEU1007
Existing student skipped | cluster=S25CSEU1008
Existing student skipped | cluster=S25CSEU1009
Existing student skipped | cluster=S25CSEU1010
Existing student skipped | cluster=S25CSEU1011
Existing student skipped | cluster=S25CSEU1012
Existing student skipped | cluster=S25CSEU1013
Existing student skipped | cluster=S25CSEU1014
Existing student skipped | cluster=S25CSEU1015
Existing student skipped | cluster=S25CSEU1016
Existing student skipped | cluster=S25CSEU1017
Existing student skipped | cluster=S25CSEU1018
Existing student skipped | cluster=S25CSEU1019
Existing student skipped | cluster=S25CSEU1020
Existing student skipped | cluster=S25CSEU1021
Existing student skipped | cluster=S25CSEU1022
Existing student skipped | cluster=S25CSEU1023
Existing student skipped | cluster=S25CSEU1024
Existing student skipped | cluster=S25CSEU1025
Existing student skipped | cluster=S25CSEU1026
Existing student skipped | cluster=S25CSEU1027
Existing student skipped | cluster=S25CSEU1028
Existing student skipped | cluster=S25CSEU1029
Existing student skipped | cluster=S25CSEU1030
Existing student skipped | cluster=S25CSEU1031
Existing student skipped | cluster=S25CSEU1032
Existing student skipped | cluster=S25CSEU1033
Existing student skipped | cluster=S25CSEU1034
Existing student skipped | cluster=S25CSEU1035
Existing student skipped | cluster=S25CSEU1036
Existing student skipped | cluster=S25CSEU1037
Existing student skipped | cluster=S25CSEU1038
Existing student skipped | cluster=S25CSEU1039
Existing student skipped | cluster=S25CSEU1040
Existing student skipped | cluster=S25CSEU1041
Existing student skipped | cluster=S25CSEU1042
Existing student skipped | cluster=S25CSEU1043
Existing student skipped | cluster=S25CSEU1044
Existing student skipped | cluster=S25CSEU1045
Existing student skipped | cluster=S25CSEU1046
Existing student skipped | cluster=S25CSEU1047
Existing student skipped | cluster=S25CSEU1048
Existing student skipped | cluster=S25CSEU1049
Existing student skipped | cluster=S25CSEU1050
Existing student skipped | cluster=S25CSEU1051
Existing student skipped | cluster=S25CSEU1052
Existing student skipped | cluster=S25CSEU1053
Existing student skipped | cluster=S25CSEU1054
Existing student skipped | cluster=S25CSEU1055
Existing student skipped | cluster=S25CSEU1056
Existing student skipped | cluster=S25CSEU1058
Existing student skipped | cluster=S25CSEU1059
Existing student skipped | cluster=S25CSEU1060
Existing student skipped | cluster=S25CSEU1061
Existing student skipped | cluster=S25CSEU1062
Existing student skipped | cluster=S25CSEU1063
Existing student skipped | cluster=S25CSEU1064
Existing student skipped | cluster=S25CSEU1065
Existing student skipped | cluster=S25CSEU1066
Existing student skipped | cluster=S25CSEU1067
Existing student skipped | cluster=S25CSEU1068
Existing student skipped | cluster=S25CSEU1069
Existing student skipped | cluster=S25CSEU1070
Existing student skipped | cluster=S25CSEU1071
Existing student skipped | cluster=S25CSEU1072
Existing student skipped | cluster=S25CSEU1073
Existing student skipped | cluster=S25CSEU1074
Existing student skipped | cluster=S25CSEU1075
Existing student skipped | cluster=S25CSEU1076
Existing student skipped | cluster=S25CSEU1077
Existing student skipped | cluster=S25CSEU1078
Existing student skipped | cluster=S25CSEU1079
Existing student skipped | cluster=S25CSEU1080
Existing student skipped | cluster=S25CSEU1081
Existing student skipped | cluster=S25CSEU1082
Existing student skipped | cluster=S25CSEU1083
Existing student skipped | cluster=S25CSEU1084
Existing student skipped | cluster=S25CSEU1085
Existing student skipped | cluster=S25CSEU1086
Existing student skipped | cluster=S25CSEU1087
Existing student skipped | cluster=S25CSEU1088
Existing student skipped | cluster=S25CSEU1089
Existing student skipped | cluster=S25CSEU1090
Existing student skipped | cluster=S25CSEU1091
Existing student skipped | cluster=S25CSEU1092
Existing student skipped | cluster=S25CSEU1093
Existing student skipped | cluster=S25CSEU1094
Existing student skipped | cluster=S25CSEU1095
Existing student skipped | cluster=S25CSEU1096
Existing student skipped | cluster=S25CSEU1097
Existing student skipped | cluster=S25CSEU1098
Existing student skipped | cluster=S25CSEU1099
Existing student skipped | cluster=S25CSEU1100
Existing student skipped | cluster=S25CSEU1101
Existing student skipped | cluster=S25CSEU1102
Existing student skipped | cluster=S25CSEU1103
Existing student skipped | cluster=S25CSEU1104
Existing student skipped | cluster=S25CSEU1105
Existing student skipped | cluster=S25CSEU1106
Existing student skipped | cluster=S25CSEU1107
Existing student skipped | cluster=S25CSEU1108
Existing student skipped | cluster=S25CSEU1109
Existing student skipped | cluster=S25CSEU1110
Existing student skipped | cluster=S25CSEU1111
Existing student skipped | cluster=S25CSEU1112
Existing student skipped | cluster=S25CSEU1113
Existing student skipped | cluster=S25CSEU1114
Existing student skipped | cluster=S25CSEU1115
Existing student skipped | cluster=S25CSEU1116
Existing student skipped | cluster=S25CSEU1117
Existing student skipped | cluster=S25CSEU1118
Existing student skipped | cluster=S25CSEU1119
Existing student skipped | cluster=S25CSEU1120
Existing student skipped | cluster=S25CSEU1121
Existing student skipped | cluster=S25CSEU1122
Existing student skipped | cluster=S25CSEU1123
Existing student skipped | cluster=S25CSEU1124
Existing student skipped | cluster=S25CSEU1125
Existing student skipped | cluster=S25CSEU1126
Existing student skipped | cluster=S25CSEU1127
Existing student skipped | cluster=S25CSEU1128
Existing student skipped | cluster=S25CSEU1129
Existing student skipped | cluster=S25CSEU1130
Existing student skipped | cluster=S25CSEU1131
Existing student skipped | cluster=S25CSEU1132
Existing student skipped | cluster=S25CSEU1133
Existing student skipped | cluster=S25CSEU1134
Existing student skipped | cluster=S25CSEU1135
Existing student skipped | cluster=S25CSEU1136
Existing student skipped | cluster=S25CSEU1137
Existing student skipped | cluster=S25CSEU1138
Existing student skipped | cluster=S25CSEU1139
Existing student skipped | cluster=S25CSEU1140
Existing student skipped | cluster=S25CSEU1141
Existing student skipped | cluster=S25CSEU1142
Existing student skipped | cluster=S25CSEU1144
Existing student skipped | cluster=S25CSEU1145
Existing student skipped | cluster=S25CSEU1146
Existing student skipped | cluster=S25CSEU1147
Existing student skipped | cluster=S25CSEU1148
Existing student skipped | cluster=S25CSEU1149
Existing student skipped | cluster=S25CSEU1150
Existing student skipped | cluster=S25CSEU1151
Existing student skipped | cluster=S25CSEU1152
Existing student skipped | cluster=S25CSEU1153
Existing student skipped | cluster=S25CSEU1154
Existing student skipped | cluster=S25CSEU1155
Existing student skipped | cluster=S25CSEU1156
Existing student skipped | cluster=S25CSEU1157
Existing student skipped | cluster=S25CSEU1158
Existing student skipped | cluster=S25CSEU1159
Existing student skipped | cluster=S25CSEU1160
Existing student skipped | cluster=S25CSEU1161
Existing student skipped | cluster=S25CSEU1162
Existing student skipped | cluster=S25CSEU1163
Existing student skipped | cluster=S25CSEU1164
Existing student skipped | cluster=S25CSEU1165
Existing student skipped | cluster=S25CSEU1166
Existing student skipped | cluster=S25CSEU1167
Existing student skipped | cluster=S25CSEU1168
Existing student skipped | cluster=S25CSEU1169
Existing student skipped | cluster=S25CSEU1170
Existing student skipped | cluster=S25CSEU1171
Existing student skipped | cluster=S25CSEU1172
Existing student skipped | cluster=S25CSEU1173
Existing student skipped | cluster=S25CSEU1174
Existing student skipped | cluster=S25CSEU1175
Existing student skipped | cluster=S25CSEU1176
Existing student skipped | cluster=S25CSEU1177
Existing student skipped | cluster=S25CSEU1178
Existing student skipped | cluster=S25CSEU1179
Existing student skipped | cluster=S25CSEU1180
Existing student skipped | cluster=S25CSEU1181
Existing student skipped | cluster=S25CSEU1182
Existing student skipped | cluster=S25CSEU1183
Existing student skipped | cluster=S25CSEU1184
Existing student skipped | cluster=S25CSEU1185
Existing student skipped | cluster=S25CSEU1186
Existing student skipped | cluster=S25CSEU1187
Existing student skipped | cluster=S25CSEU1188
Existing student skipped | cluster=S25CSEU1189
Existing student skipped | cluster=S25CSEU1190
Existing student skipped | cluster=S25CSEU1191
Existing student skipped | cluster=S25CSEU1192
Existing student skipped | cluster=S25CSEU1193
Existing student skipped | cluster=S25CSEU1194
Existing student skipped | cluster=S25CSEU1195
Existing student skipped | cluster=S25CSEU1196
Existing student skipped | cluster=S25CSEU1197
Existing student skipped | cluster=S25CSEU1198
Existing student skipped | cluster=S25CSEU1199
Existing student skipped | cluster=S25CSEU1200
Existing student skipped | cluster=S25CSEU1201
Existing student skipped | cluster=S25CSEU1202
Existing student skipped | cluster=S25CSEU1203
Existing student skipped | cluster=S25CSEU1204
Existing student skipped | cluster=S25CSEU1205
Existing student skipped | cluster=S25CSEU1206
Existing student skipped | cluster=S25CSEU1207
Existing student skipped | cluster=S25CSEU1208
Existing student skipped | cluster=S25CSEU1209
Existing student skipped | cluster=S25CSEU1210
Existing student skipped | cluster=S25CSEU1211
Existing student skipped | cluster=S25CSEU1212
Existing student skipped | cluster=S25CSEU1213
Existing student skipped | cluster=S25CSEU1214
Existing student skipped | cluster=S25CSEU1215
Existing student skipped | cluster=S25CSEU1216
Existing student skipped | cluster=S25CSEU1217
Existing student skipped | cluster=S25CSEU1218
Existing student skipped | cluster=S25CSEU1219
Existing student skipped | cluster=S25CSEU1220
Existing student skipped | cluster=S25CSEU1221
Existing student skipped | cluster=S25CSEU1222
Existing student skipped | cluster=S25CSEU1223
Existing student skipped | cluster=S25CSEU1224
Existing student skipped | cluster=S25CSEU1225
Existing student skipped | cluster=S25CSEU1226
Existing student skipped | cluster=S25CSEU1227
Existing student skipped | cluster=S25CSEU1228
Existing student skipped | cluster=S25CSEU1229
Existing student skipped | cluster=S25CSEU1230
Existing student skipped | cluster=S25CSEU1231
Existing student skipped | cluster=S25CSEU1232
Existing student skipped | cluster=S25CSEU1233
Existing student skipped | cluster=S25CSEU1234
Existing student skipped | cluster=S25CSEU1235
Existing student skipped | cluster=S25CSEU1236
Existing student skipped | cluster=S25CSEU1237
Existing student skipped | cluster=S25CSEU1238
Existing student skipped | cluster=S25CSEU1239
Existing student skipped | cluster=S25CSEU1240
Existing student skipped | cluster=S25CSEU1241
Existing student skipped | cluster=S25CSEU1242
Existing student skipped | cluster=S25CSEU1243
Existing student skipped | cluster=S25CSEU1244
Existing student skipped | cluster=S25CSEU1245
Existing student skipped | cluster=S25CSEU1246
Existing student skipped | cluster=S25CSEU1247
Existing student skipped | cluster=S25CSEU1248
Existing student skipped | cluster=S25CSEU1249
Existing student skipped | cluster=S25CSEU1250
Existing student skipped | cluster=S25CSEU1251
Existing student skipped | cluster=S25CSEU1252
Existing student skipped | cluster=S25CSEU1253
Existing student skipped | cluster=S25CSEU1254
Existing student skipped | cluster=S25CSEU1255
Existing student skipped | cluster=S25CSEU1256
Existing student skipped | cluster=S25CSEU1257
Existing student skipped | cluster=S25CSEU1258
Existing student skipped | cluster=S25CSEU1259
Existing student skipped | cluster=S25CSEU1260
Existing student skipped | cluster=S25CSEU1261
Existing student skipped | cluster=S25CSEU1262
Existing student skipped | cluster=S25CSEU1263
Existing student skipped | cluster=S25CSEU1264
Existing student skipped | cluster=S25CSEU1265
Existing student skipped | cluster=S25CSEU1266
Existing student skipped | cluster=S25CSEU1267
Existing student skipped | cluster=S25CSEU1268
Existing student skipped | cluster=S25CSEU1269
Existing student skipped | cluster=S25CSEU1270
Existing student skipped | cluster=S25CSEU1271
Existing student skipped | cluster=S25CSEU1272
Existing student skipped | cluster=S25CSEU1273
Existing student skipped | cluster=S25CSEU1274
Existing student skipped | cluster=S25CSEU1275
Existing student skipped | cluster=S25CSEU1276
Existing student skipped | cluster=S25CSEU1277
Existing student skipped | cluster=S25CSEU1278
Existing student skipped | cluster=S25CSEU1279
Existing student skipped | cluster=S25CSEU1280
Existing student skipped | cluster=S25CSEU1281
Existing student skipped | cluster=S25CSEU1282
Existing student skipped | cluster=S25CSEU1283
Existing student skipped | cluster=S25CSEU1284
Existing student skipped | cluster=S25CSEU1285
Existing student skipped | cluster=S25CSEU1286
Existing student skipped | cluster=S25CSEU1287
Existing student skipped | cluster=S25CSEU1288
Existing student skipped | cluster=S25CSEU1289
Existing student skipped | cluster=S25CSEU1290
Existing student skipped | cluster=S25CSEU1291
Existing student skipped | cluster=S25CSEU1292
Existing student skipped | cluster=S25CSEU1293
Existing student skipped | cluster=S25CSEU1295
Existing student skipped | cluster=S25CSEU1296
Existing student skipped | cluster=S25CSEU1297
Existing student skipped | cluster=S25CSEU1298
Existing student skipped | cluster=S25CSEU1299
Existing student skipped | cluster=S25CSEU1300
Existing student skipped | cluster=S25CSEU1301
Existing student skipped | cluster=S25CSEU1302
Existing student skipped | cluster=S25CSEU1303
Existing student skipped | cluster=S25CSEU1304
Existing student skipped | cluster=S25CSEU1305
Existing student skipped | cluster=S25CSEU1306
Existing student skipped | cluster=S25CSEU1307
Existing student skipped | cluster=S25CSEU1308
Existing student skipped | cluster=S25CSEU1309
Existing student skipped | cluster=S25CSEU1310
Existing student skipped | cluster=S25CSEU1311
Existing student skipped | cluster=S25CSEU1312
Existing student skipped | cluster=S25CSEU1313
Existing student skipped | cluster=S25CSEU1314
Existing student skipped | cluster=S25CSEU1315
Existing student skipped | cluster=S25CSEU1316
Existing student skipped | cluster=S25CSEU1317
Existing student skipped | cluster=S25CSEU1318
Existing student skipped | cluster=S25CSEU1319
Existing student skipped | cluster=S25CSEU1320
Existing student skipped | cluster=S25CSEU1321
Existing student skipped | cluster=S25CSEU1322
Existing student skipped | cluster=S25CSEU1323
Existing student skipped | cluster=S25CSEU1324
Existing student skipped | cluster=S25CSEU1325
Existing student skipped | cluster=S25CSEU1326
Existing student skipped | cluster=S25CSEU1327
Existing student skipped | cluster=S25CSEU1328
Existing student skipped | cluster=S25CSEU1329
Existing student skipped | cluster=S25CSEU1330
Existing student skipped | cluster=S25CSEU1331
Existing student skipped | cluster=S25CSEU1332
Existing student skipped | cluster=S25CSEU1333
Existing student skipped | cluster=S25CSEU1334
Existing student skipped | cluster=S25CSEU1335
Existing student skipped | cluster=S25CSEU1336
Existing student skipped | cluster=S25CSEU1337
Existing student skipped | cluster=S25CSEU1338
Existing student skipped | cluster=S25CSEU1339
Existing student skipped | cluster=S25CSEU1340
Existing student skipped | cluster=S25CSEU1341
Existing student skipped | cluster=S25CSEU1342
Existing student skipped | cluster=S25CSEU1343
Existing student skipped | cluster=S25CSEU1344
Existing student skipped | cluster=S25CSEU1345
Existing student skipped | cluster=S25CSEU1346
Existing student skipped | cluster=S25CSEU1347
Existing student skipped | cluster=S25CSEU1348
Existing student skipped | cluster=S25CSEU1349
Existing student skipped | cluster=S25CSEU1350
Existing student skipped | cluster=S25CSEU1351
Existing student skipped | cluster=S25CSEU1352
Existing student skipped | cluster=S25CSEU1353
Existing student skipped | cluster=S25CSEU1354
Existing student skipped | cluster=S25CSEU1355
Existing student skipped | cluster=S25CSEU1356
Existing student skipped | cluster=S25CSEU1357
Existing student skipped | cluster=S25CSEU1358
Existing student skipped | cluster=S25CSEU1359
Existing student skipped | cluster=S25CSEU1360
Existing student skipped | cluster=S25CSEU1361
Existing student skipped | cluster=S25CSEU1362
Existing student skipped | cluster=S25CSEU1363
Existing student skipped | cluster=S25CSEU1364
Existing student skipped | cluster=S25CSEU1365
Existing student skipped | cluster=S25CSEU1366
Existing student skipped | cluster=S25CSEU1367
Existing student skipped | cluster=S25CSEU1368
Existing student skipped | cluster=S25CSEU1369
Existing student skipped | cluster=S25CSEU1370
Existing student skipped | cluster=S25CSEU1371
Existing student skipped | cluster=S25CSEU1372
Existing student skipped | cluster=S25CSEU1373
Existing student skipped | cluster=S25CSEU1374
Existing student skipped | cluster=S25CSEU1375
Existing student skipped | cluster=S25CSEU1376
Existing student skipped | cluster=S25CSEU1377
Existing student skipped | cluster=S25CSEU1378
Existing student skipped | cluster=S25CSEU1379
Existing student skipped | cluster=S25CSEU1380
Existing student skipped | cluster=S25CSEU1381
Existing student skipped | cluster=S25CSEU1382
Existing student skipped | cluster=S25CSEU1383
Existing student skipped | cluster=S25CSEU1384
Existing student skipped | cluster=S25CSEU1385
Existing student skipped | cluster=S25CSEU1386
Existing student skipped | cluster=S25CSEU1387
Existing student skipped | cluster=S25CSEU1388
Existing student skipped | cluster=S25CSEU1389
Existing student skipped | cluster=S25CSEU1390
Existing student skipped | cluster=S25CSEU1391
Existing student skipped | cluster=S25CSEU1392
Existing student skipped | cluster=S25CSEU1393
Existing student skipped | cluster=S25CSEU1394
Existing student skipped | cluster=S25CSEU1395
Existing student skipped | cluster=S25CSEU1396
Existing student skipped | cluster=S25CSEU1397
Existing student skipped | cluster=S25CSEU1398
Existing student skipped | cluster=S25CSEU1399
Existing student skipped | cluster=S25CSEU1400
Existing student skipped | cluster=S25CSEU1401
Existing student skipped | cluster=S25CSEU1402
Existing student skipped | cluster=S25CSEU1403
Existing student skipped | cluster=S25CSEU1404
Existing student skipped | cluster=S25CSEU1405
Existing student skipped | cluster=S25CSEU1406
Existing student skipped | cluster=S25CSEU1407
Existing student skipped | cluster=S25CSEU1408
Existing student skipped | cluster=S25CSEU1409
Existing student skipped | cluster=S25CSEU1410
Existing student skipped | cluster=S25CSEU1411
Existing student skipped | cluster=S25CSEU1412
Existing student skipped | cluster=S25CSEU1413
Existing student skipped | cluster=S25CSEU1414
Existing student skipped | cluster=S25CSEU1415
Existing student skipped | cluster=S25CSEU1416
Existing student skipped | cluster=S25CSEU1417
Existing student skipped | cluster=S25CSEU1418
Existing student skipped | cluster=S25CSEU1419
Existing student skipped | cluster=S25CSEU1420
Existing student skipped | cluster=S25CSEU1421
Existing student skipped | cluster=S25CSEU1422
Existing student skipped | cluster=S25CSEU1423
Existing student skipped | cluster=S25CSEU1424
Existing student skipped | cluster=S25CSEU1425
Existing student skipped | cluster=S25CSEU1426
Existing student skipped | cluster=S25CSEU1427
Existing student skipped | cluster=S25CSEU1428
Existing student skipped | cluster=S25CSEU1429
Existing student skipped | cluster=S25CSEU1430
Existing student skipped | cluster=S25CSEU1431
Existing student skipped | cluster=S25CSEU1432
Existing student skipped | cluster=S25CSEU1433
Existing student skipped | cluster=S25CSEU1434
Existing student skipped | cluster=S25CSEU1435
Existing student skipped | cluster=S25CSEU1436
Existing student skipped | cluster=S25CSEU1437
Existing student skipped | cluster=S25CSEU1438
Existing student skipped | cluster=S25CSEU1439
Existing student skipped | cluster=S25CSEU1440
Existing student skipped | cluster=S25CSEU1441
Existing student skipped | cluster=S25CSEU1442
Existing student skipped | cluster=S25CSEU1443
Existing student skipped | cluster=S25CSEU1444
Existing student skipped | cluster=S25CSEU1445
Existing student skipped | cluster=S25CSEU1446
Existing student skipped | cluster=S25CSEU1447
Existing student skipped | cluster=S25CSEU1448
Existing student skipped | cluster=S25CSEU1449
Existing student skipped | cluster=S25CSEU1450
Existing student skipped | cluster=S25CSEU1451
Existing student skipped | cluster=S25CSEU1452
Existing student skipped | cluster=S25CSEU1453
Existing student skipped | cluster=S25CSEU1454
Existing student skipped | cluster=S25CSEU1455
Existing student skipped | cluster=S25CSEU1456
Existing student skipped | cluster=S25CSEU1457
Existing student skipped | cluster=S25CSEU1458
Existing student skipped | cluster=S25CSEU1459
Existing student skipped | cluster=S25CSEU1460
Existing student skipped | cluster=S25CSEU1461
Existing student skipped | cluster=S25CSEU1462
Existing student skipped | cluster=S25CSEU1463
Existing student skipped | cluster=S25CSEU1464
Existing student skipped | cluster=S25CSEU1465
Existing student skipped | cluster=S25CSEU1466
Existing student skipped | cluster=S25CSEU1467
Existing student skipped | cluster=S25CSEU1468
Existing student skipped | cluster=S25CSEU1469
Existing student skipped | cluster=S25CSEU1470
Existing student skipped | cluster=S25CSEU1471
Existing student skipped | cluster=S25CSEU1472
Existing student skipped | cluster=S25CSEU1473
Existing student skipped | cluster=S25CSEU1474
Existing student skipped | cluster=S25CSEU1475
Existing student skipped | cluster=S25CSEU1476
Existing student skipped | cluster=S25CSEU1477
Existing student skipped | cluster=S25CSEU1478
Existing student skipped | cluster=S25CSEU1479
Existing student skipped | cluster=S25CSEU1480
Existing student skipped | cluster=S25CSEU1481
Existing student skipped | cluster=S25CSEU1482
Existing student skipped | cluster=S25CSEU1483
Existing student skipped | cluster=S25CSEU1484
Existing student skipped | cluster=S25CSEU1485
Existing student skipped | cluster=S25CSEU1486
Existing student skipped | cluster=S25CSEU1487
Existing student skipped | cluster=S25CSEU1488
Existing student skipped | cluster=S25CSEU1489
Existing student skipped | cluster=S25CSEU1490
Existing student skipped | cluster=S25CSEU1491
Existing student skipped | cluster=S25CSEU1492
Existing student skipped | cluster=S25CSEU1493
Existing student skipped | cluster=S25CSEU1494
Existing student skipped | cluster=S25CSEU1495
Existing student skipped | cluster=S25CSEU1496
Existing student skipped | cluster=S25CSEU1497
Existing student skipped | cluster=S25CSEU1498
Existing student skipped | cluster=S25CSEU1499
Existing student skipped | cluster=S25CSEU1500
Existing student skipped | cluster=S25CSEU1501
Existing student skipped | cluster=S25CSEU1502
Existing student skipped | cluster=S25CSEU1503
Existing student skipped | cluster=S25CSEU1504
Existing student skipped | cluster=S25CSEU1505
Existing student skipped | cluster=S25CSEU1506
Existing student skipped | cluster=S25CSEU1507
Existing student skipped | cluster=S25CSEU1508
Existing student skipped | cluster=S25CSEU1509
Existing student skipped | cluster=S25CSEU1510
Existing student skipped | cluster=S25CSEU1511
Existing student skipped | cluster=S25CSEU1512
Existing student skipped | cluster=S25CSEU1513
Existing student skipped | cluster=S25CSEU1514
Existing student skipped | cluster=S25CSEU1515
Existing student skipped | cluster=S25CSEU1516
Existing student skipped | cluster=S25CSEU1517
Existing student skipped | cluster=S25CSEU1518
Existing student skipped | cluster=S25CSEU1519
Existing student skipped | cluster=S25CSEU1520
Existing student skipped | cluster=S25CSEU1521
Existing student skipped | cluster=S25CSEU1522
Existing student skipped | cluster=S25CSEU1523
Existing student skipped | cluster=S25CSEU1524
Existing student skipped | cluster=S25CSEU1525
Existing student skipped | cluster=S25CSEU1526
Existing student skipped | cluster=S25CSEU1527
Existing student skipped | cluster=S25CSEU1528
Existing student skipped | cluster=S25CSEU1529
Existing student skipped | cluster=S25CSEU1530
Existing student skipped | cluster=S25CSEU1531
Existing student skipped | cluster=S25CSEU1532
Existing student skipped | cluster=S25CSEU1533
Existing student skipped | cluster=S25CSEU1534
Existing student skipped | cluster=S25CSEU1535
Existing student skipped | cluster=S25CSEU1536
Existing student skipped | cluster=S25CSEU1537
Existing student skipped | cluster=S25CSEU1538
Existing student skipped | cluster=S25CSEU1539
Existing student skipped | cluster=S25CSEU1540
Existing student skipped | cluster=S25CSEU1541
Existing student skipped | cluster=S25CSEU1542
Existing student skipped | cluster=S25CSEU1543
Existing student skipped | cluster=S25CSEU1544
Existing student skipped | cluster=S25CSEU1545
Existing student skipped | cluster=S25CSEU1546
Existing student skipped | cluster=S25CSEU1547
Existing student skipped | cluster=S25CSEU1548
Existing student skipped | cluster=S25CSEU1549
Existing student skipped | cluster=S25CSEU1550
Existing student skipped | cluster=S25CSEU1551
Existing student skipped | cluster=S25CSEU1552
Existing student skipped | cluster=S25CSEU1553
Existing student skipped | cluster=S25CSEU1554
Existing student skipped | cluster=S25CSEU1555
Existing student skipped | cluster=S25CSEU1556
Existing student skipped | cluster=S25CSEU1557
Existing student skipped | cluster=S25CSEU1558
Existing student skipped | cluster=S25CSEU1559
Existing student skipped | cluster=S25CSEU1560
Existing student skipped | cluster=S25CSEU1561
Existing student skipped | cluster=S25CSEU1562
Existing student skipped | cluster=S25CSEU1563
Existing student skipped | cluster=S25CSEU1564
Existing student skipped | cluster=S25CSEU1565
Existing student skipped | cluster=S25CSEU1566
Existing student skipped | cluster=S25CSEU1567
Existing student skipped | cluster=S25CSEU1568
Existing student skipped | cluster=S25CSEU1569
Existing student skipped | cluster=S25CSEU1570
Existing student skipped | cluster=S25CSEU1571
Existing student skipped | cluster=S25CSEU1572
Existing student skipped | cluster=S25CSEU1573
Existing student skipped | cluster=S25CSEU1574
Existing student skipped | cluster=S25CSEU1575
Existing student skipped | cluster=S25CSEU1576
Existing student skipped | cluster=S25CSEU1577
Existing student skipped | cluster=S25CSEU1578
Existing student skipped | cluster=S25CSEU1579
Existing student skipped | cluster=S25CSEU1580
Existing student skipped | cluster=S25CSEU1581
Existing student skipped | cluster=S25CSEU1582
Existing student skipped | cluster=S25CSEU1583
Existing student skipped | cluster=S25CSEU1584
Existing student skipped | cluster=S25CSEU1585
Existing student skipped | cluster=S25CSEU1586
Existing student skipped | cluster=S25CSEU1587
Existing student skipped | cluster=S25CSEU1588
Existing student skipped | cluster=S25CSEU1589
Existing student skipped | cluster=S25CSEU1590
Existing student skipped | cluster=S25CSEU1591
Existing student skipped | cluster=S25CSEU1592
Existing student skipped | cluster=S25CSEU1594
Existing student skipped | cluster=S25CSEU1595
Existing student skipped | cluster=S25CSEU1596
Existing student skipped | cluster=S25CSEU1597
Existing student skipped | cluster=S25CSEU1598
Existing student skipped | cluster=S25CSEU1599
Existing student skipped | cluster=S25CSEU1600
Existing student skipped | cluster=S25CSEU1601
Existing student skipped | cluster=S25CSEU1602
Existing student skipped | cluster=S25CSEU1603
Existing student skipped | cluster=S25CSEU1604
Existing student skipped | cluster=S25CSEU1605
Existing student skipped | cluster=S25CSEU1606
Existing student skipped | cluster=S25CSEU1607
Existing student skipped | cluster=S25CSEU1608
Existing student skipped | cluster=S25CSEU1609
Existing student skipped | cluster=S25CSEU1610
Existing student skipped | cluster=S25CSEU1611
Existing student skipped | cluster=S25CSEU1612
Existing student skipped | cluster=S25CSEU1613
Existing student skipped | cluster=S25CSEU1614
Existing student skipped | cluster=S25CSEU1615
Existing student skipped | cluster=S25CSEU1616
Existing student skipped | cluster=S25CSEU1617
Existing student skipped | cluster=S25CSEU1618
Existing student skipped | cluster=S25CSEU1619
Existing student skipped | cluster=S25CSEU1620
Existing student skipped | cluster=S25CSEU1621
Existing student skipped | cluster=S25CSEU1622
Existing student skipped | cluster=S25CSEU1623
Existing student skipped | cluster=S25CSEU1624
Existing student skipped | cluster=S25CSEU1625
Existing student skipped | cluster=S25CSEU1626
Existing student skipped | cluster=S25CSEU1627
Existing student skipped | cluster=S25CSEU1628
Existing student skipped | cluster=S25CSEU1629
Existing student skipped | cluster=S25CSEU1630
Existing student skipped | cluster=S25CSEU1631
Existing student skipped | cluster=S25CSEU1632
Existing student skipped | cluster=S25CSEU1633
Existing student skipped | cluster=S25CSEU1634
Existing student skipped | cluster=S25CSEU1635
Existing student skipped | cluster=S25CSEU1636
Existing student skipped | cluster=S25CSEU1637
Existing student skipped | cluster=S25CSEU1638
Existing student skipped | cluster=S25CSEU1639
Existing student skipped | cluster=S25CSEU1640
Existing student skipped | cluster=S25CSEU1641
Existing student skipped | cluster=S25CSEU1642
Existing student skipped | cluster=S25CSEU1643
Existing student skipped | cluster=S25CSEU1644
Existing student skipped | cluster=S25CSEU1645
Existing student skipped | cluster=S25CSEU1646
Existing student skipped | cluster=S25CSEU1647
Existing student skipped | cluster=S25CSEU1648
Existing student skipped | cluster=S25CSEU1649
Existing student skipped | cluster=S25CSEU1650
Existing student skipped | cluster=S25CSEU1651
Existing student skipped | cluster=S25CSEU1652
Existing student skipped | cluster=S25CSEU1653
Existing student skipped | cluster=S25CSEU1654
Existing student skipped | cluster=S25CSEU1655
Existing student skipped | cluster=S25CSEU1656
Existing student skipped | cluster=S25CSEU1657
Existing student skipped | cluster=S25CSEU1658
Existing student skipped | cluster=S25CSEU1659
Existing student skipped | cluster=S25CSEU1660
Existing student skipped | cluster=S25CSEU1661
Existing student skipped | cluster=S25CSEU1662
Existing student skipped | cluster=S25CSEU1663
Existing student skipped | cluster=S25CSEU1664
Existing student skipped | cluster=S25CSEU1665
Existing student skipped | cluster=S25CSEU1666
Existing student skipped | cluster=S25CSEU1667
Existing student skipped | cluster=S25CSEU1668
Existing student skipped | cluster=S25CSEU1669
Existing student skipped | cluster=S25CSEU1670
Existing student skipped | cluster=S25CSEU1671
Existing student skipped | cluster=S25CSEU1672
Existing student skipped | cluster=S25CSEU1673
Existing student skipped | cluster=S25CSEU1674
Existing student skipped | cluster=S25CSEU1675
Existing student skipped | cluster=S25CSEU1676
Existing student skipped | cluster=S25CSEU1677
Existing student skipped | cluster=S25CSEU1678
Existing student skipped | cluster=S25CSEU1679
Existing student skipped | cluster=S25CSEU1680
Existing student skipped | cluster=S25CSEU1681
Existing student skipped | cluster=S25CSEU1682
Existing student skipped | cluster=S25CSEU1683
Existing student skipped | cluster=S25CSEU1684
Existing student skipped | cluster=S25CSEU1685
Existing student skipped | cluster=S25CSEU1686
Existing student skipped | cluster=S25CSEU1687
Existing student skipped | cluster=S25CSEU1688
Existing student skipped | cluster=S25CSEU1689
Existing student skipped | cluster=S25CSEU1690
Existing student skipped | cluster=S25CSEU1691
Existing student skipped | cluster=S25CSEU1692
could not execute statement [Duplicate entry 'S25CSEU1693' for key 'app_user.UK_3k4cplvh82srueuttfkwnylq0'] [insert into app_user (password;role;tenant_id;username) values (?;?;?;?)]; SQL [insert into app_user (password;role;tenant_id;username) values (?;?;?;?)]; constraint [app_user.UK_3k4cplvh82srueuttfkwnylq0] | cluster=S25CSEU1693
